snapshot_id,violation_id
2541,select-name
2542,select-name
2543,select-name
2544,select-name
2545,select-name
2546,select-name
2547,select-name
2548,select-name
2549,select-name
2550,select-name
2551,select-name
2552,select-name
2553,select-name
2554,select-name
2555,select-name
2556,select-name
2557,select-name
2558,select-name
2559,select-name
2560,select-name
2561,select-name
2562,select-name
2563,select-name
2564,select-name
2565,select-name
2566,select-name
2567,select-name
2568,select-name
2569,select-name
2570,select-name
2571,select-name
2572,select-name
2573,select-name
2574,select-name
2575,select-name
2576,select-name
2588,label
2588,label
2588,label
2589,label
2589,label
2589,label
2590,label
2590,label
2590,label
2591,label
2591,label
2591,label
2592,label
2592,label
2592,label
2593,label
2593,label
2593,label
2594,label
2594,label
2594,label
2595,label
2595,label
2595,label
2596,label
2596,label
2596,label
2597,label
2597,label
2597,label
2598,label
2598,select-name
2598,button-name
2599,label
2599,select-name
2599,button-name
2600,button-name
2600,select-name
2600,label
2601,button-name
2601,select-name
2601,label
2602,button-name
2602,select-name
2602,label
2603,select-name
2603,button-name
2603,label
2604,select-name
2604,button-name
2604,label
2605,select-name
2605,button-name
2605,label
2606,select-name
2606,button-name
2606,label
2607,select-name
2607,button-name
2607,button-name
2607,label
2608,select-name
2608,button-name
2608,button-name
2608,label
2608,button-name
2609,select-name
2609,button-name
2609,button-name
2609,label
2609,button-name
2610,select-name
2610,button-name
2610,button-name
2610,label
2610,button-name
2611,select-name
2611,button-name
2611,button-name
2611,label
2611,button-name
2612,select-name
2612,button-name
2612,button-name
2612,label
2612,button-name
2613,select-name
2613,button-name
2613,label
2613,button-name
2613,button-name
2613,button-name
2614,select-name
2614,button-name
2614,label
2614,button-name
2614,button-name
2614,button-name
2615,select-name
2615,button-name
2615,label
2615,button-name
2615,button-name
2615,button-name
2616,button-name
2616,label
2616,button-name
2616,button-name
2616,button-name
2616,select-name
2617,button-name
2617,label
2617,button-name
2617,button-name
2617,button-name
2617,select-name
2618,button-name
2618,label
2618,button-name
2618,button-name
2618,button-name
2618,select-name
2619,button-name
2619,label
2619,button-name
2619,button-name
2619,button-name
2619,select-name
2620,button-name
2620,label
2620,button-name
2620,button-name
2620,button-name
2620,select-name
2621,button-name
2621,select-name
2621,button-name
2621,label
2621,button-name
2621,button-name
2622,button-name
2622,button-name
2622,select-name
2622,label
2622,button-name
2623,button-name
2623,label
2623,button-name
2623,button-name
2623,select-name
2623,label
2624,button-name
2624,label
2624,label
2624,button-name
2624,button-name
2624,button-name
2625,button-name
2625,label
2625,label
2625,button-name
2625,button-name
2625,button-name
2626,button-name
2626,label
2626,label
2626,button-name
2626,button-name
2626,button-name
2627,button-name
2627,label
2627,label
2627,button-name
2627,button-name
2627,button-name
2628,button-name
2628,label
2628,label
2628,button-name
2628,button-name
2628,button-name
2629,button-name
2629,label
2629,label
2629,button-name
2629,button-name
2629,button-name
2630,button-name
2630,label
2630,label
2630,button-name
2630,button-name
2630,button-name
2631,button-name
2631,label
2631,button-name
2631,button-name
2631,label
2631,button-name
2632,button-name
2632,label
2632,button-name
2632,button-name
2632,label
2632,button-name
2633,button-name
2633,label
2633,button-name
2633,button-name
2633,label
2633,button-name
2634,button-name
2634,button-name
2634,button-name
2634,button-name
2634,image-alt
2634,label
2634,label
2634,button-name
2634,button-name
2634,button-name
2634,label
2634,label
2635,button-name
2635,button-name
2635,button-name
2635,label
2635,button-name
2635,label
2635,image-alt
2635,label
2635,button-name
2635,button-name
2635,button-name
2635,label
2636,label
2636,image-alt
2636,button-name
2636,label
2636,label
2636,label
2636,button-name
2636,button-name
2636,button-name
2636,button-name
2636,button-name
2637,button-name
2637,label
2637,label
2637,label
2637,button-name
2637,button-name
2637,label
2637,button-name
2637,button-name
2637,button-name
2637,image-alt
2639,label
2640,label
2641,label
2642,label
2643,label
2644,label
2645,label
2646,label
2647,label
2648,label
2649,label
2650,label
2651,label
2652,label
2653,label
2654,label
2655,label
2656,label
2657,label
2658,label
2659,label
2660,label
2661,label
2662,label
2663,label
2664,label
2665,label
2666,label
2667,label
2668,label
2669,label
2670,label
2671,label
2672,label
2673,label
2674,label
2675,aria-roles
2675,aria-roles
2675,label
2676,aria-roles
2676,aria-roles
2676,label
2677,aria-roles
2677,aria-roles
2677,label
2678,aria-roles
2678,aria-roles
2678,label
2679,aria-roles
2679,aria-roles
2679,label
2680,aria-roles
2680,aria-roles
2680,label
2681,aria-roles
2681,aria-roles
2681,label
2682,aria-roles
2682,aria-roles
2682,label
2683,aria-roles
2683,aria-roles
2683,label
2684,aria-roles
2684,aria-roles
2684,label
2685,label
2686,label
2686,button-name
2687,label
2687,button-name
2688,label
2689,label
2690,label
2691,label
2692,label
2693,label
2702,button-name
2737,aria-dialog-name
2737,label
2737,label
2737,button-name
2737,select-name
2737,button-name
2738,button-name
2738,label
2738,aria-dialog-name
2738,button-name
2738,select-name
2739,button-name
2739,label
2739,aria-dialog-name
2739,button-name
2739,select-name
2740,button-name
2740,label
2740,aria-dialog-name
2740,button-name
2740,select-name
2741,button-name
2741,label
2741,aria-dialog-name
2741,button-name
2741,select-name
2742,button-name
2742,label
2742,aria-dialog-name
2742,button-name
2742,select-name
2743,button-name
2743,label
2743,aria-dialog-name
2743,button-name
2743,select-name
2744,button-name
2744,label
2744,aria-dialog-name
2744,button-name
2744,select-name
2745,label
2745,aria-dialog-name
2745,button-name
2745,select-name
2745,button-name
2746,label
2746,aria-dialog-name
2746,button-name
2746,select-name
2746,button-name
2747,label
2747,aria-dialog-name
2747,button-name
2747,select-name
2747,button-name
2748,label
2748,aria-dialog-name
2748,button-name
2748,select-name
2748,button-name
2749,label
2749,aria-dialog-name
2749,button-name
2749,select-name
2749,button-name
2750,label
2750,aria-dialog-name
2750,button-name
2750,select-name
2750,button-name
2751,label
2751,aria-dialog-name
2751,button-name
2751,select-name
2751,button-name
2752,label
2752,aria-dialog-name
2752,button-name
2752,select-name
2752,button-name
2753,label
2753,aria-dialog-name
2753,button-name
2753,select-name
2753,button-name
2754,aria-allowed-attr
2754,button-name
2754,button-name
2754,label
2754,select-name
2754,aria-dialog-name
2754,button-name
2754,aria-required-parent
2754,aria-treeitem-name
2754,button-name
2754,button-name
2754,label
2754,label
2754,label
2754,label
2755,aria-allowed-attr
2755,button-name
2755,button-name
2755,label
2755,select-name
2755,aria-dialog-name
2755,button-name
2755,aria-required-parent
2755,aria-treeitem-name
2755,button-name
2755,button-name
2755,label
2755,label
2755,label
2755,label
2756,aria-allowed-attr
2756,button-name
2756,button-name
2756,label
2756,select-name
2756,aria-dialog-name
2756,button-name
2756,aria-required-parent
2756,aria-treeitem-name
2756,button-name
2756,button-name
2756,label
2756,label
2756,label
2756,label
2757,aria-allowed-attr
2757,button-name
2757,button-name
2757,label
2757,select-name
2757,aria-dialog-name
2757,button-name
2757,aria-required-parent
2757,aria-treeitem-name
2757,button-name
2757,button-name
2757,label
2757,label
2757,label
2757,label
2758,aria-allowed-attr
2758,button-name
2758,button-name
2758,label
2758,select-name
2758,aria-dialog-name
2758,button-name
2758,aria-required-parent
2758,aria-treeitem-name
2758,button-name
2758,button-name
2758,label
2758,label
2758,label
2758,label
2759,aria-allowed-attr
2759,button-name
2759,button-name
2759,label
2759,select-name
2759,aria-dialog-name
2759,button-name
2759,aria-required-parent
2759,aria-treeitem-name
2759,button-name
2759,button-name
2759,label
2759,label
2759,label
2759,label
2760,aria-allowed-attr
2760,button-name
2760,button-name
2760,label
2760,select-name
2760,aria-dialog-name
2760,button-name
2760,aria-required-parent
2760,aria-treeitem-name
2760,button-name
2760,button-name
2760,label
2760,label
2760,label
2760,label
2761,aria-allowed-attr
2761,button-name
2761,button-name
2761,label
2761,select-name
2761,button-name
2761,aria-required-parent
2761,aria-treeitem-name
2761,button-name
2761,button-name
2761,label
2761,label
2761,label
2761,label
2762,button-name
2762,label
2762,aria-allowed-attr
2762,button-name
2762,select-name
2762,button-name
2762,aria-required-parent
2762,aria-treeitem-name
2762,button-name
2762,button-name
2762,label
2762,label
2762,aria-tooltip-name
2762,button-name
2762,label
2762,label
2763,button-name
2763,aria-input-field-name
2763,label
2763,aria-allowed-attr
2763,button-name
2763,select-name
2763,button-name
2763,aria-required-parent
2763,button-name
2763,button-name
2763,label
2763,label
2763,aria-tooltip-name
2763,button-name
2763,label
2763,label
2764,button-name
2764,aria-input-field-name
2764,label
2764,aria-allowed-attr
2764,button-name
2764,select-name
2764,button-name
2764,aria-required-parent
2764,button-name
2764,label
2764,label
2764,aria-tooltip-name
2764,button-name
2764,label
2764,label
2765,button-name
2765,aria-input-field-name
2765,label
2765,select-name
2765,button-name
2765,aria-required-parent
2765,button-name
2765,button-name
2765,label
2765,label
2765,aria-tooltip-name
2765,button-name
2765,label
2765,label
2766,button-name
2766,aria-input-field-name
2766,label
2766,select-name
2766,button-name
2766,aria-required-parent
2766,button-name
2766,button-name
2766,label
2766,label
2766,aria-tooltip-name
2766,button-name
2766,label
2766,label
2767,button-name
2767,aria-input-field-name
2767,label
2767,select-name
2767,button-name
2767,aria-required-parent
2767,button-name
2767,button-name
2767,label
2767,label
2767,aria-tooltip-name
2767,button-name
2767,label
2767,label
2768,button-name
2768,aria-input-field-name
2768,label
2768,select-name
2768,button-name
2768,aria-required-parent
2768,button-name
2768,button-name
2768,label
2768,label
2768,aria-tooltip-name
2768,button-name
2768,label
2768,label
2769,button-name
2769,aria-input-field-name
2769,label
2769,select-name
2769,button-name
2769,aria-required-parent
2769,button-name
2769,button-name
2769,label
2769,label
2769,aria-tooltip-name
2769,button-name
2769,label
2769,label
2770,button-name
2770,aria-input-field-name
2770,label
2770,select-name
2770,button-name
2770,aria-required-parent
2770,button-name
2770,button-name
2770,label
2770,label
2770,aria-tooltip-name
2770,button-name
2770,label
2770,label
2771,button-name
2771,aria-input-field-name
2771,label
2771,select-name
2771,button-name
2771,aria-required-parent
2771,button-name
2771,button-name
2771,label
2771,label
2771,aria-tooltip-name
2771,button-name
2771,label
2771,label
2772,button-name
2772,aria-input-field-name
2772,label
2772,select-name
2772,button-name
2772,aria-required-parent
2772,button-name
2772,button-name
2772,label
2772,label
2772,aria-tooltip-name
2772,button-name
2772,label
2772,label
2773,label
2773,aria-required-attr
2774,label
2774,aria-required-attr
2775,label
2775,aria-required-attr
2776,label
2776,aria-required-attr
2777,label
2777,aria-required-attr
2778,label
2778,aria-required-attr
2779,aria-required-attr
2779,label
2780,aria-required-attr
2780,label
2781,aria-required-attr
2781,label
2782,aria-required-attr
2782,label
2783,aria-required-attr
2783,label
2784,aria-required-attr
2784,label
2785,aria-required-attr
2785,label
2786,aria-required-attr
2786,label
2787,aria-required-attr
2787,label
2788,aria-required-attr
2788,label
2789,aria-required-attr
2789,label
2790,aria-required-attr
2790,label
2791,aria-required-attr
2791,label
2792,aria-required-attr
2792,label
2793,label
2793,aria-required-attr
2794,label
2794,aria-required-attr
2795,aria-required-attr
2795,label
2796,aria-required-attr
2796,label
2797,aria-required-attr
2797,label
2798,aria-required-attr
2798,label
2799,aria-required-attr
2799,label
2800,aria-required-attr
2800,label
2801,aria-required-attr
2801,label
2802,label
2802,aria-required-attr
2803,label
2803,aria-required-attr
2804,aria-required-attr
2804,label
2805,aria-required-attr
2805,label
2806,label
2806,aria-required-attr
2807,aria-required-attr
2807,label
2808,aria-required-attr
2808,label
2839,image-alt
2839,role-img-alt
2839,list
2839,image-alt
2839,image-alt
2840,image-alt
2840,list
2840,image-alt
2840,role-img-alt
2840,image-alt
2841,image-alt
2841,image-alt
2841,role-img-alt
2841,image-alt
2841,list
2842,image-alt
2842,image-alt
2842,role-img-alt
2842,image-alt
2842,list
2843,image-alt
2843,image-alt
2843,role-img-alt
2843,image-alt
2843,list
2844,image-alt
2844,list
2844,image-alt
2844,role-img-alt
2844,image-alt
2845,image-alt
2845,list
2845,image-alt
2845,role-img-alt
2845,image-alt
2846,image-alt
2846,list
2846,image-alt
2846,role-img-alt
2846,image-alt
2847,list
2847,image-alt
2847,image-alt
2847,role-img-alt
2847,image-alt
2848,list
2848,image-alt
2848,image-alt
2848,role-img-alt
2848,image-alt
2849,list
2849,image-alt
2849,image-alt
2849,role-img-alt
2849,image-alt
2849,link-name
2849,image-alt
2849,link-name
2849,image-alt
2850,list
2850,image-alt
2850,image-alt
2850,role-img-alt
2850,image-alt
2850,link-name
2850,image-alt
2850,link-name
2850,image-alt
2851,image-alt
2851,role-img-alt
2851,image-alt
2851,list
2851,image-alt
2851,link-name
2851,image-alt
2851,image-alt
2851,link-name
2852,image-alt
2852,list
2852,image-alt
2852,role-img-alt
2852,image-alt
2852,link-name
2852,image-alt
2852,image-alt
2852,link-name
2853,image-alt
2853,list
2853,image-alt
2853,role-img-alt
2853,image-alt
2853,link-name
2853,image-alt
2853,image-alt
2853,link-name
2854,image-alt
2854,list
2854,document-title
2854,image-alt
2854,link-name
2854,role-img-alt
2854,image-alt
2854,image-alt
2854,image-alt
2854,link-name
2855,image-alt
2855,list
2855,document-title
2855,image-alt
2855,link-name
2855,role-img-alt
2855,image-alt
2855,image-alt
2855,image-alt
2855,link-name
2856,image-alt
2856,list
2856,document-title
2856,image-alt
2856,link-name
2856,role-img-alt
2856,image-alt
2856,image-alt
2856,image-alt
2856,link-name
2857,image-alt
2857,list
2857,image-alt
2857,link-name
2857,document-title
2857,role-img-alt
2857,image-alt
2857,image-alt
2857,image-alt
2857,link-name
2858,image-alt
2858,list
2858,image-alt
2858,link-name
2858,document-title
2858,role-img-alt
2858,image-alt
2858,image-alt
2858,image-alt
2858,link-name
2859,image-alt
2859,list
2859,image-alt
2859,link-name
2859,document-title
2859,role-img-alt
2859,image-alt
2859,image-alt
2859,image-alt
2859,link-name
2860,image-alt
2860,list
2860,image-alt
2860,link-name
2860,document-title
2860,role-img-alt
2860,image-alt
2860,image-alt
2860,image-alt
2860,link-name
2861,image-alt
2861,list
2861,image-alt
2861,link-name
2861,document-title
2861,role-img-alt
2861,image-alt
2861,image-alt
2861,image-alt
2861,link-name
2862,image-alt
2862,list
2862,image-alt
2862,link-name
2862,document-title
2862,role-img-alt
2862,image-alt
2862,image-alt
2862,image-alt
2862,link-name
2863,image-alt
2863,list
2863,image-alt
2863,link-name
2863,document-title
2863,role-img-alt
2863,image-alt
2863,image-alt
2863,image-alt
2863,link-name
2864,image-alt
2864,list
2864,image-alt
2864,link-name
2864,document-title
2864,role-img-alt
2864,image-alt
2864,image-alt
2864,image-alt
2864,link-name
2865,image-alt
2865,list
2865,image-alt
2865,link-name
2865,document-title
2865,role-img-alt
2865,image-alt
2865,image-alt
2865,image-alt
2865,link-name
2866,image-alt
2866,list
2866,image-alt
2866,link-name
2866,document-title
2866,role-img-alt
2866,image-alt
2866,image-alt
2866,image-alt
2866,link-name
2867,image-alt
2867,list
2867,image-alt
2867,link-name
2867,image-alt
2867,link-name
2867,document-title
2867,image-alt
2867,image-alt
2867,role-img-alt
2868,image-alt
2868,list
2868,image-alt
2868,link-name
2868,image-alt
2868,link-name
2868,document-title
2868,image-alt
2868,image-alt
2868,role-img-alt
2869,image-alt
2869,role-img-alt
2869,image-alt
2869,image-alt
2869,document-title
2869,image-alt
2869,link-name
2869,image-alt
2869,link-name
2869,list
2870,role-img-alt
2870,image-alt
2870,document-title
2870,image-alt
2870,image-alt
2870,image-alt
2870,link-name
2870,image-alt
2870,link-name
2870,list
2871,role-img-alt
2871,image-alt
2871,document-title
2871,image-alt
2871,image-alt
2871,image-alt
2871,link-name
2871,image-alt
2871,link-name
2871,list
2872,document-title
2872,image-alt
2872,image-alt
2872,image-alt
2872,link-name
2872,image-alt
2872,link-name
2872,list
2872,image-alt
2872,role-img-alt
2873,image-alt
2873,image-alt
2873,image-alt
2873,link-name
2873,image-alt
2873,link-name
2873,image-alt
2873,list
2873,role-img-alt
2873,document-title
2874,image-alt
2874,image-alt
2874,image-alt
2874,role-img-alt
2874,image-alt
2874,link-name
2874,image-alt
2874,link-name
2874,list
2874,document-title
2879,button-name
2879,label-title-only
2880,label-title-only
2880,button-name
2881,label-title-only
2881,button-name
2882,button-name
2882,label-title-only
2956,label
2976,label
2976,label
2977,label
2977,label
2978,label
2978,label
2979,label
2979,label
2980,label
2980,label
2981,label
2981,label
2982,label
2982,label
2983,label
2983,label
2984,label
2984,label
2985,label
2985,label
2986,label
2986,label
2987,label
2987,label
2988,label
2988,label
2989,label
2989,label
2990,label
2990,label
3001,document-title
3001,link-name
3002,document-title
3002,link-name
3003,document-title
3003,link-name
3004,document-title
3004,link-name
3005,document-title
3005,link-name
3006,document-title
3006,link-name
3007,document-title
3007,link-name
3008,document-title
3008,link-name
3009,document-title
3009,link-name
3020,image-alt
3020,aria-allowed-attr
3020,label
3020,image-alt
3020,image-alt
3021,image-alt
3021,aria-allowed-attr
3021,label
3021,image-alt
3021,image-alt
3022,image-alt
3022,aria-allowed-attr
3022,label
3022,image-alt
3022,image-alt
3023,image-alt
3023,aria-allowed-attr
3023,label
3023,image-alt
3023,image-alt
3024,image-alt
3024,aria-allowed-attr
3024,label
3024,image-alt
3024,image-alt
3025,aria-allowed-attr
3025,image-alt
3025,label
3025,image-alt
3025,image-alt
3026,aria-allowed-attr
3026,image-alt
3026,label
3026,image-alt
3026,image-alt
3027,aria-allowed-attr
3027,image-alt
3027,label
3027,image-alt
3028,aria-allowed-attr
3028,image-alt
3028,label
3028,image-alt
3029,aria-allowed-attr
3029,image-alt
3029,label
3029,image-alt
3030,aria-allowed-attr
3030,image-alt
3030,label
3030,image-alt
3031,aria-allowed-attr
3031,image-alt
3031,label
3031,image-alt
3032,aria-allowed-attr
3032,image-alt
3032,label
3032,image-alt
3033,aria-allowed-attr
3033,image-alt
3033,label
3033,image-alt
3034,aria-allowed-attr
3034,image-alt
3034,label
3034,image-alt
3035,aria-allowed-attr
3035,image-alt
3035,label
3035,image-alt
3036,aria-allowed-attr
3036,image-alt
3036,label
3036,image-alt
3037,aria-allowed-attr
3037,image-alt
3037,label
3037,image-alt
3038,label
3038,image-alt
3038,image-alt
3038,aria-allowed-attr
3039,image-alt
3039,aria-allowed-attr
3039,label
3039,image-alt
3040,image-alt
3040,aria-allowed-attr
3040,label
3040,image-alt
3041,image-alt
3041,aria-allowed-attr
3041,label
3041,image-alt
3042,image-alt
3042,aria-allowed-attr
3042,label
3042,image-alt
3043,image-alt
3043,aria-allowed-attr
3043,label
3043,image-alt
3044,image-alt
3044,aria-allowed-attr
3044,label
3044,image-alt
3045,image-alt
3045,aria-allowed-attr
3045,label
3045,image-alt
3046,image-alt
3046,aria-allowed-attr
3046,label
3046,image-alt
3047,image-alt
3047,aria-allowed-attr
3047,label
3047,image-alt
3048,image-alt
3048,aria-allowed-attr
3048,label
3048,image-alt
3049,image-alt
3049,aria-allowed-attr
3049,label
3049,image-alt
3050,image-alt
3050,aria-allowed-attr
3050,label
3050,image-alt
3051,image-alt
3051,aria-allowed-attr
3051,label
3051,image-alt
3052,image-alt
3052,aria-allowed-attr
3052,label
3052,image-alt
3053,image-alt
3053,aria-allowed-attr
3053,label
3053,image-alt
3054,image-alt
3054,aria-allowed-attr
3054,label
3054,image-alt
3055,image-alt
3055,aria-allowed-attr
3055,label
3055,image-alt
3067,label
3067,label
3067,button-name
3068,label
3068,button-name
3068,label
3069,label
3069,label
3069,button-name
3070,label
3070,label
3070,button-name
3071,label
3071,button-name
3071,label
3072,button-name
3072,label
3072,label
3073,label
3073,button-name
3073,label
3074,label
3074,button-name
3074,label
3075,label
3075,button-name
3075,label
3076,label
3076,label
3076,link-name
3076,button-name
3077,label
3077,label
3077,button-name
3078,label
3078,label
3078,button-name
3079,button-name
3079,label
3079,label
3080,button-name
3080,label
3080,label
3081,button-name
3081,label
3081,label
3082,button-name
3082,label
3082,label
3083,label
3083,label
3083,nested-interactive
3083,button-name
3083,label
3083,aria-command-name
3083,label
3084,label
3084,label
3084,label
3084,label
3084,nested-interactive
3084,button-name
3084,aria-command-name
3085,label
3085,label
3085,label
3085,label
3085,nested-interactive
3085,button-name
3085,aria-command-name
3086,label
3086,label
3086,label
3086,label
3086,nested-interactive
3086,button-name
3086,aria-command-name
3087,label
3087,label
3087,label
3087,label
3087,nested-interactive
3087,button-name
3087,aria-command-name
3088,label
3088,label
3088,label
3088,label
3088,nested-interactive
3088,button-name
3088,aria-command-name
3089,label
3089,label
3089,nested-interactive
3089,label
3089,aria-command-name
3089,button-name
3089,label
3090,label
3090,label
3090,nested-interactive
3090,label
3090,aria-command-name
3090,button-name
3090,label
3091,label
3091,label
3091,nested-interactive
3091,label
3091,aria-command-name
3091,button-name
3091,label
3092,button-name
3093,button-name
3094,button-name
3095,button-name
3096,button-name
3097,button-name
3098,button-name
3099,button-name
3100,button-name
3101,button-name
3102,button-name
3103,button-name
3104,button-name
3105,button-name
3106,button-name
3107,button-name
3108,button-name
3109,button-name
3110,button-name
3111,button-name
3112,button-name
3113,button-name
3114,button-name
3115,button-name
3116,button-name
3117,button-name
3118,button-name
3119,button-name
3120,button-name
3121,button-name
3122,button-name
3123,button-name
3124,button-name
3125,button-name
3126,button-name
3127,button-name
3150,aria-command-name
3150,aria-required-parent
3150,listitem
3150,aria-command-name
3150,aria-required-parent
3150,dlitem
3150,label
3150,listitem
3150,button-name
3151,aria-command-name
3151,aria-required-parent
3151,listitem
3151,aria-command-name
3151,aria-required-parent
3151,dlitem
3151,label
3151,listitem
3151,button-name
3152,aria-command-name
3152,aria-required-parent
3152,listitem
3152,aria-command-name
3152,aria-required-parent
3152,listitem
3152,dlitem
3152,label
3152,listitem
3152,button-name
3153,aria-command-name
3153,aria-required-parent
3153,listitem
3153,aria-command-name
3153,aria-required-parent
3153,listitem
3153,dlitem
3153,label
3153,listitem
3153,button-name
3154,label
3154,listitem
3154,button-name
3154,aria-command-name
3154,aria-required-parent
3154,aria-command-name
3154,aria-required-parent
3154,dlitem
3154,listitem
3154,listitem
3155,label
3155,listitem
3155,button-name
3155,aria-command-name
3155,aria-required-parent
3155,aria-command-name
3155,aria-required-parent
3155,dlitem
3155,listitem
3155,listitem
3156,label
3156,listitem
3156,button-name
3156,aria-command-name
3156,aria-required-parent
3156,aria-command-name
3156,aria-required-parent
3156,dlitem
3156,listitem
3156,listitem
3157,label
3157,listitem
3157,button-name
3157,aria-command-name
3157,aria-required-parent
3157,aria-command-name
3157,aria-required-parent
3157,dlitem
3157,listitem
3157,listitem
3158,label
3158,listitem
3158,button-name
3158,aria-command-name
3158,aria-required-parent
3158,aria-command-name
3158,aria-required-parent
3158,dlitem
3158,listitem
3158,listitem
3159,label
3159,listitem
3159,button-name
3159,aria-command-name
3159,aria-required-parent
3159,listitem
3159,dlitem
3159,aria-command-name
3159,aria-required-parent
3159,listitem
3160,button-name
3160,listitem
3160,listitem
3160,label
3160,aria-command-name
3160,aria-required-parent
3160,listitem
3160,dlitem
3160,aria-command-name
3160,aria-required-parent
3161,button-name
3161,listitem
3161,listitem
3161,label
3161,listitem
3161,aria-command-name
3161,aria-required-parent
3161,aria-command-name
3161,aria-required-parent
3161,dlitem
3162,button-name
3162,listitem
3162,listitem
3162,label
3162,listitem
3162,aria-command-name
3162,aria-required-parent
3162,aria-command-name
3162,aria-required-parent
3162,dlitem
3163,listitem
3163,listitem
3163,label
3163,button-name
3163,listitem
3163,aria-command-name
3163,aria-required-parent
3163,aria-command-name
3163,aria-required-parent
3163,dlitem
3164,listitem
3164,listitem
3164,label
3164,button-name
3164,listitem
3164,aria-command-name
3164,aria-required-parent
3164,aria-command-name
3164,aria-required-parent
3164,dlitem
3165,listitem
3165,listitem
3165,label
3165,button-name
3165,listitem
3165,aria-command-name
3165,aria-required-parent
3165,aria-command-name
3165,aria-required-parent
3165,dlitem
3166,listitem
3166,listitem
3166,listitem
3166,label
3166,aria-command-name
3166,aria-required-parent
3166,button-name
3166,aria-command-name
3166,aria-required-parent
3166,dlitem
3167,dlitem
3167,listitem
3167,listitem
3167,aria-command-name
3167,aria-required-parent
3167,button-name
3167,label
3167,aria-command-name
3167,aria-required-parent
3167,listitem
3168,dlitem
3168,listitem
3168,listitem
3168,aria-command-name
3168,aria-required-parent
3168,aria-command-name
3168,aria-required-parent
3168,button-name
3168,label
3168,listitem
3169,dlitem
3169,listitem
3169,listitem
3169,aria-command-name
3169,aria-required-parent
3169,aria-command-name
3169,aria-required-parent
3169,button-name
3169,label
3169,listitem
3170,dlitem
3170,listitem
3170,listitem
3170,aria-command-name
3170,aria-required-parent
3170,aria-command-name
3170,aria-required-parent
3170,button-name
3170,listitem
3171,dlitem
3171,listitem
3171,listitem
3171,aria-command-name
3171,aria-required-parent
3171,aria-command-name
3171,aria-required-parent
3171,button-name
3171,listitem
3172,dlitem
3172,listitem
3172,listitem
3172,aria-command-name
3172,aria-required-parent
3172,aria-command-name
3172,aria-required-parent
3172,button-name
3172,listitem
3173,dlitem
3173,listitem
3173,listitem
3173,aria-command-name
3173,aria-required-parent
3173,aria-command-name
3173,aria-required-parent
3173,button-name
3173,listitem
3174,dlitem
3174,listitem
3174,listitem
3174,aria-command-name
3174,aria-required-parent
3174,aria-command-name
3174,aria-required-parent
3174,button-name
3174,listitem
3175,dlitem
3175,listitem
3175,listitem
3175,aria-command-name
3175,aria-required-parent
3175,aria-command-name
3175,aria-required-parent
3175,button-name
3175,listitem
3176,dlitem
3176,listitem
3176,listitem
3176,aria-command-name
3176,aria-required-parent
3176,aria-command-name
3176,aria-required-parent
3176,button-name
3176,listitem
3177,dlitem
3177,listitem
3177,listitem
3177,aria-command-name
3177,aria-required-parent
3177,aria-command-name
3177,aria-required-parent
3177,button-name
3177,listitem
3178,listitem
3178,dlitem
3178,aria-command-name
3178,aria-required-parent
3178,button-name
3178,listitem
3178,aria-command-name
3178,aria-required-parent
3178,listitem
3179,listitem
3179,dlitem
3179,aria-command-name
3179,aria-required-parent
3179,button-name
3179,listitem
3179,aria-command-name
3179,aria-required-parent
3179,listitem
3180,listitem
3180,aria-command-name
3180,aria-required-parent
3180,listitem
3180,aria-command-name
3180,aria-required-parent
3180,button-name
3180,listitem
3180,dlitem
3181,document-title
3181,html-has-lang
3183,document-title
3183,html-has-lang
3184,document-title
3184,html-has-lang
3185,label
3185,document-title
3185,html-has-lang
3185,label
3185,label
3186,label
3186,label
3186,document-title
3186,html-has-lang
3186,button-name
3186,duplicate-id-active
3186,document-title
3186,html-has-lang
3186,select-name
3186,label
3186,label
3187,label
3187,select-name
3187,label
3187,label
3187,label
3187,duplicate-id-active
3187,document-title
3187,html-has-lang
3187,button-name
3187,document-title
3187,document-title
3187,html-has-lang
3187,select-name
3187,label
3188,label
3188,label
3188,aria-allowed-attr
3188,button-name
3188,document-title
3188,aria-allowed-attr
3188,document-title
3188,html-has-lang
3188,duplicate-id-active
3188,select-name
3188,aria-allowed-attr
3189,aria-allowed-attr
3189,document-title
3189,html-has-lang
3189,button-name
3189,aria-allowed-attr
3189,label
3189,label
3189,aria-allowed-attr
3189,label
3189,select-name
3190,aria-allowed-attr
3190,document-title
3190,html-has-lang
3190,button-name
3190,aria-allowed-attr
3190,label
3190,label
3190,aria-allowed-attr
3190,label
3190,select-name
3191,document-title
3191,html-has-lang
3191,aria-allowed-attr
3191,select-name
3191,button-name
3191,document-title
3191,html-has-lang
3191,aria-allowed-attr
3191,aria-allowed-attr
3191,label
3191,label
3191,label
3192,label
3192,document-title
3192,html-has-lang
3192,aria-allowed-attr
3192,select-name
3192,aria-allowed-attr
3192,label
3192,aria-allowed-attr
3192,label
3192,document-title
3192,html-has-lang
3192,button-name
3193,label
3193,label
3193,label
3193,select-name
3194,label
3194,select-name
3194,document-title
3194,html-has-lang
3194,label
3194,aria-allowed-attr
3194,label
3194,button-name
3194,aria-allowed-attr
3194,document-title
3194,html-has-lang
3194,aria-allowed-attr
3195,aria-allowed-attr
3195,document-title
3195,html-has-lang
3195,document-title
3195,html-has-lang
3195,label
3195,label
3195,label
3195,button-name
3195,aria-allowed-attr
3195,label
3195,aria-allowed-attr
3195,select-name
3196,label
3196,label
3196,select-name
3197,label
3197,label
3197,label
3197,label
3197,document-title
3197,html-has-lang
3197,button-name
3197,label
3197,document-title
3197,html-has-lang
3197,select-name
3198,document-title
3198,html-has-lang
3198,label
3198,label
3198,document-title
3198,html-has-lang
3198,button-name
3198,label
3198,label
3198,select-name
3198,label
3199,document-title
3199,html-has-lang
3199,label
3199,document-title
3199,html-has-lang
3199,label
3199,label
3199,label
3199,label
3199,label
3199,button-name
3199,select-name
3200,document-title
3200,html-has-lang
3200,label
3200,label
3200,document-title
3200,html-has-lang
3200,label
3200,label
3200,button-name
3200,label
3200,label
3200,select-name
3201,label
3201,button-name
3201,label
3201,document-title
3201,html-has-lang
3201,label
3201,label
3201,label
3201,label
3201,document-title
3201,html-has-lang
3201,select-name
3202,label
3202,label
3202,button-name
3202,label
3202,document-title
3202,html-has-lang
3202,document-title
3202,html-has-lang
3202,label
3202,label
3202,select-name
3202,label
3203,label
3203,label
3203,label
3203,label
3203,label
3203,document-title
3203,html-has-lang
3203,label
3203,document-title
3203,html-has-lang
3203,button-name
3203,select-name
3204,label
3204,label
3204,label
3204,label
3204,label
3204,document-title
3204,html-has-lang
3204,label
3204,document-title
3204,html-has-lang
3204,button-name
3204,select-name
3205,document-title
3205,label
3205,label
3205,document-title
3205,html-has-lang
3205,label
3205,label
3205,document-title
3205,html-has-lang
3205,label
3205,select-name
3205,button-name
3205,label
3206,document-title
3206,html-has-lang
3206,label
3206,button-name
3206,label
3206,label
3206,label
3206,document-title
3206,html-has-lang
3206,label
3206,document-title
3206,select-name
3206,label
3207,select-name
3207,label
3207,label
3207,document-title
3207,html-has-lang
3207,label
3207,label
3207,label
3207,document-title
3207,document-title
3207,html-has-lang
3207,label
3207,button-name
3208,label
3208,label
3208,label
3208,select-name
3208,document-title
3208,html-has-lang
3208,document-title
3208,html-has-lang
3208,label
3208,document-title
3208,label
3208,button-name
3208,label
3209,label
3209,label
3209,button-name
3209,label
3209,select-name
3209,document-title
3209,html-has-lang
3209,label
3209,label
3209,document-title
3209,label
3209,document-title
3209,html-has-lang
3210,document-title
3210,html-has-lang
3210,button-name
3210,label
3210,link-name
3210,label
3210,select-name
3210,label
3210,document-title
3210,html-has-lang
3210,label
3210,label
3210,label
3210,document-title
3211,link-name
3211,label
3211,button-name
3211,label
3211,select-name
3211,label
3211,label
3211,label
3211,document-title
3211,html-has-lang
3211,link-name
3211,label
3211,document-title
3211,html-has-lang
3211,document-title
3212,label
3212,link-name
3212,button-name
3212,select-name
3212,label
3212,label
3212,label
3212,document-title
3212,html-has-lang
3212,link-name
3212,document-title
3212,html-has-lang
3212,document-title
3212,label
3212,label
3213,label
3213,link-name
3213,select-name
3213,button-name
3213,label
3213,document-title
3213,html-has-lang
3213,label
3213,link-name
3213,document-title
3213,html-has-lang
3213,label
3213,document-title
3213,label
3213,label
3214,label
3214,label
3214,link-name
3214,label
3214,label
3214,label
3214,select-name
3214,document-title
3214,html-has-lang
3214,document-title
3214,html-has-lang
3214,document-title
3214,link-name
3214,label
3214,button-name
3215,label
3215,label
3215,link-name
3215,label
3215,select-name
3215,label
3215,document-title
3215,html-has-lang
3215,document-title
3215,label
3215,document-title
3215,html-has-lang
3215,link-name
3215,button-name
3215,label
3216,label
3216,label
3216,link-name
3216,label
3216,select-name
3216,label
3216,document-title
3216,html-has-lang
3216,document-title
3216,label
3216,document-title
3216,html-has-lang
3216,link-name
3216,button-name
3216,label
3217,image-alt
3217,frame-title
3217,document-title
3217,button-name
3217,svg-img-alt
3217,frame-title
3218,image-alt
3218,frame-title
3218,document-title
3218,button-name
3218,svg-img-alt
3218,frame-title
3219,image-alt
3219,frame-title
3219,document-title
3219,button-name
3219,svg-img-alt
3219,frame-title
3220,image-alt
3220,frame-title
3220,document-title
3220,button-name
3220,svg-img-alt
3220,frame-title
3221,image-alt
3221,frame-title
3221,document-title
3221,button-name
3221,svg-img-alt
3221,frame-title
3222,image-alt
3222,frame-title
3222,document-title
3222,button-name
3222,svg-img-alt
3222,frame-title
3223,image-alt
3223,frame-title
3223,document-title
3223,button-name
3223,svg-img-alt
3223,frame-title
3224,image-alt
3224,svg-img-alt
3224,frame-title
3224,button-name
3224,document-title
3224,frame-title
3225,svg-img-alt
3225,frame-title
3225,image-alt
3225,button-name
3225,frame-title
3225,image-alt
3225,label
3225,document-title
3226,svg-img-alt
3226,document-title
3226,frame-title
3226,image-alt
3226,button-name
3226,frame-title
3226,image-alt
3226,label
3227,svg-img-alt
3227,document-title
3227,frame-title
3227,image-alt
3227,button-name
3227,frame-title
3227,image-alt
3227,label
3228,svg-img-alt
3228,frame-title
3228,image-alt
3228,button-name
3228,frame-title
3228,image-alt
3228,label
3228,document-title
3229,svg-img-alt
3229,frame-title
3229,image-alt
3229,button-name
3229,frame-title
3229,image-alt
3229,label
3229,document-title
3230,svg-img-alt
3230,frame-title
3230,image-alt
3230,button-name
3230,frame-title
3230,image-alt
3230,label
3230,document-title
3231,svg-img-alt
3231,frame-title
3231,image-alt
3231,button-name
3231,frame-title
3231,image-alt
3231,label
3231,document-title
3232,svg-img-alt
3232,frame-title
3232,image-alt
3232,button-name
3232,frame-title
3232,image-alt
3232,label
3232,document-title
3233,svg-img-alt
3233,frame-title
3233,image-alt
3233,button-name
3233,frame-title
3233,document-title
3233,image-alt
3233,label
3234,svg-img-alt
3234,frame-title
3234,document-title
3234,image-alt
3234,button-name
3234,frame-title
3234,image-alt
3234,label
3235,svg-img-alt
3235,frame-title
3235,document-title
3235,image-alt
3235,button-name
3235,frame-title
3235,image-alt
3235,label
3236,svg-img-alt
3236,frame-title
3236,document-title
3236,image-alt
3236,button-name
3236,frame-title
3236,link-name
3236,image-alt
3236,label
3237,svg-img-alt
3237,document-title
3237,frame-title
3237,image-alt
3237,button-name
3237,frame-title
3237,image-alt
3237,label
3237,link-name
3238,svg-img-alt
3238,frame-title
3238,document-title
3238,image-alt
3238,image-alt
3238,label
3238,button-name
3238,frame-title
3238,link-name
3239,svg-img-alt
3239,frame-title
3239,document-title
3239,image-alt
3239,image-alt
3239,label
3239,button-name
3239,frame-title
3239,link-name
3240,svg-img-alt
3240,document-title
3240,frame-title
3240,image-alt
3240,button-name
3240,frame-title
3240,image-alt
3240,label
3240,link-name
3241,svg-img-alt
3241,document-title
3241,frame-title
3241,image-alt
3241,button-name
3241,frame-title
3241,image-alt
3241,label
3241,link-name
3242,svg-img-alt
3242,document-title
3242,frame-title
3242,image-alt
3242,button-name
3242,frame-title
3242,image-alt
3242,label
3242,link-name
3243,svg-img-alt
3243,document-title
3243,frame-title
3243,image-alt
3243,button-name
3243,frame-title
3243,image-alt
3243,label
3243,link-name
3244,svg-img-alt
3244,document-title
3244,frame-title
3244,image-alt
3244,button-name
3244,frame-title
3244,image-alt
3244,label
3244,link-name
3245,svg-img-alt
3245,frame-title
3245,image-alt
3245,button-name
3245,frame-title
3245,document-title
3245,image-alt
3245,label
3245,link-name
3246,svg-img-alt
3246,frame-title
3246,image-alt
3246,button-name
3246,frame-title
3246,document-title
3246,image-alt
3246,label
3246,link-name
3247,svg-img-alt
3247,frame-title
3247,image-alt
3247,button-name
3247,frame-title
3247,document-title
3247,image-alt
3247,label
3247,link-name
3248,svg-img-alt
3248,frame-title
3248,image-alt
3248,button-name
3248,frame-title
3248,document-title
3248,image-alt
3248,label
3248,link-name
3249,svg-img-alt
3249,frame-title
3249,image-alt
3249,button-name
3249,frame-title
3249,document-title
3249,image-alt
3249,label
3249,link-name
3250,svg-img-alt
3250,frame-title
3250,image-alt
3250,button-name
3250,frame-title
3250,document-title
3250,image-alt
3250,label
3250,link-name
3251,svg-img-alt
3251,frame-title
3251,image-alt
3251,button-name
3251,frame-title
3251,document-title
3251,image-alt
3251,label
3251,link-name
3252,svg-img-alt
3252,frame-title
3252,image-alt
3252,button-name
3252,frame-title
3252,document-title
3252,image-alt
3252,label
3252,link-name
3253,label
3253,button-name
3253,aria-command-name
3253,aria-command-name
3253,button-name
3253,aria-command-name
3253,button-name
3253,label
3253,aria-command-name
3253,aria-required-parent
3253,button-name
3253,listitem
3253,button-name
3254,label
3254,button-name
3254,aria-command-name
3254,aria-command-name
3254,button-name
3254,aria-command-name
3254,button-name
3254,label
3254,aria-command-name
3254,aria-required-parent
3254,button-name
3254,listitem
3254,button-name
3255,label
3255,button-name
3255,aria-command-name
3255,aria-command-name
3255,button-name
3255,aria-command-name
3255,button-name
3255,label
3255,aria-command-name
3255,aria-required-parent
3255,button-name
3255,listitem
3255,button-name
3256,label
3256,aria-required-parent
3256,button-name
3256,listitem
3256,button-name
3256,button-name
3256,aria-command-name
3256,aria-command-name
3256,aria-command-name
3256,button-name
3256,label
3256,aria-command-name
3256,button-name
3257,label
3257,aria-required-parent
3257,button-name
3257,listitem
3257,button-name
3257,button-name
3257,aria-command-name
3257,aria-command-name
3257,aria-command-name
3257,button-name
3257,label
3257,aria-command-name
3257,button-name
3258,label
3258,aria-required-parent
3258,button-name
3258,listitem
3258,button-name
3258,button-name
3258,aria-command-name
3258,aria-command-name
3258,aria-command-name
3258,button-name
3258,label
3258,aria-command-name
3258,button-name
3259,label
3259,aria-required-parent
3259,button-name
3259,listitem
3259,button-name
3259,button-name
3259,aria-command-name
3259,aria-command-name
3259,aria-command-name
3259,button-name
3259,label
3259,aria-command-name
3259,button-name
3260,label
3260,aria-required-parent
3260,button-name
3260,listitem
3260,button-name
3260,button-name
3260,aria-command-name
3260,aria-command-name
3260,aria-command-name
3260,button-name
3260,label
3260,aria-command-name
3260,button-name
3261,label
3261,aria-required-parent
3261,button-name
3261,listitem
3261,button-name
3261,button-name
3261,aria-command-name
3261,aria-command-name
3261,aria-command-name
3261,button-name
3261,label
3261,aria-command-name
3261,button-name
3262,label
3262,aria-required-parent
3262,button-name
3262,listitem
3262,button-name
3262,button-name
3262,aria-command-name
3262,aria-command-name
3262,aria-command-name
3262,button-name
3262,label
3262,aria-command-name
3262,button-name
3263,label
3263,aria-required-parent
3263,button-name
3263,listitem
3263,button-name
3263,button-name
3263,aria-command-name
3263,aria-command-name
3263,aria-command-name
3263,button-name
3263,label
3263,aria-command-name
3263,button-name
3264,label
3264,aria-required-parent
3264,button-name
3264,listitem
3264,button-name
3264,button-name
3264,aria-command-name
3264,aria-command-name
3264,aria-command-name
3264,button-name
3264,label
3264,aria-command-name
3264,button-name
3265,label
3265,aria-required-parent
3265,button-name
3265,listitem
3265,button-name
3265,button-name
3265,aria-command-name
3265,aria-command-name
3265,aria-command-name
3265,button-name
3265,label
3265,aria-command-name
3265,button-name
3266,label
3266,aria-required-parent
3266,button-name
3266,listitem
3266,button-name
3266,button-name
3266,aria-command-name
3266,aria-command-name
3266,aria-command-name
3266,button-name
3266,label
3266,aria-command-name
3266,button-name
3267,label
3267,aria-required-parent
3267,button-name
3267,listitem
3267,button-name
3267,button-name
3267,aria-command-name
3267,aria-command-name
3267,aria-command-name
3267,button-name
3267,label
3267,aria-command-name
3267,button-name
3268,label
3268,aria-required-parent
3268,button-name
3268,listitem
3268,button-name
3268,button-name
3268,aria-command-name
3268,aria-command-name
3268,aria-command-name
3268,button-name
3268,label
3268,aria-command-name
3268,button-name
3269,label
3269,aria-required-parent
3269,button-name
3269,listitem
3269,button-name
3269,button-name
3269,aria-command-name
3269,aria-command-name
3269,aria-command-name
3269,button-name
3269,label
3269,aria-command-name
3269,button-name
3270,label
3270,aria-required-parent
3270,button-name
3270,listitem
3270,button-name
3270,button-name
3270,aria-command-name
3270,aria-command-name
3270,aria-command-name
3270,button-name
3270,label
3270,aria-command-name
3270,button-name
3271,label
3271,aria-required-parent
3271,button-name
3271,listitem
3271,button-name
3271,button-name
3271,aria-command-name
3271,aria-command-name
3271,aria-command-name
3271,button-name
3271,label
3271,aria-command-name
3271,button-name
3272,label
3272,aria-required-parent
3272,button-name
3272,listitem
3272,button-name
3272,button-name
3272,aria-command-name
3272,aria-command-name
3272,aria-command-name
3272,button-name
3272,label
3272,aria-command-name
3272,button-name
3273,label
3273,aria-required-parent
3273,button-name
3273,listitem
3273,button-name
3273,button-name
3273,aria-command-name
3273,aria-command-name
3273,aria-command-name
3273,button-name
3273,label
3273,aria-command-name
3273,button-name
3274,label
3274,aria-required-parent
3274,button-name
3274,listitem
3274,button-name
3274,button-name
3274,aria-command-name
3274,aria-command-name
3274,aria-command-name
3274,button-name
3274,label
3274,aria-command-name
3274,button-name
3275,label
3275,aria-required-parent
3275,button-name
3275,listitem
3275,button-name
3275,button-name
3275,aria-command-name
3275,aria-command-name
3275,aria-command-name
3275,button-name
3275,label
3275,aria-command-name
3275,button-name
3276,label
3276,button-name
3276,aria-required-parent
3276,button-name
3276,listitem
3276,button-name
3276,aria-command-name
3276,aria-command-name
3276,aria-command-name
3276,button-name
3276,label
3276,aria-command-name
3276,button-name
3277,label
3277,button-name
3277,aria-required-parent
3277,button-name
3277,listitem
3277,button-name
3277,aria-command-name
3277,aria-command-name
3277,aria-command-name
3277,button-name
3277,label
3277,aria-command-name
3277,button-name
3278,label
3278,button-name
3278,aria-required-parent
3278,button-name
3278,listitem
3278,button-name
3278,aria-command-name
3278,aria-command-name
3278,aria-command-name
3278,button-name
3278,label
3278,aria-command-name
3278,button-name
3279,label
3279,button-name
3279,aria-required-parent
3279,button-name
3279,listitem
3279,button-name
3279,aria-command-name
3279,aria-command-name
3279,aria-command-name
3279,button-name
3279,label
3279,aria-command-name
3279,button-name
3280,label
3280,button-name
3280,aria-required-parent
3280,button-name
3280,listitem
3280,button-name
3280,aria-command-name
3280,aria-command-name
3280,aria-command-name
3280,button-name
3280,label
3280,aria-command-name
3280,button-name
3281,aria-command-name
3281,button-name
3281,label
3281,aria-command-name
3281,aria-command-name
3281,aria-command-name
3281,label
3281,aria-command-name
3281,aria-command-name
3281,button-name
3281,aria-command-name
3281,button-name
3281,aria-required-parent
3281,button-name
3281,listitem
3281,aria-command-name
3281,button-name
3281,aria-command-name
3282,aria-command-name
3282,button-name
3282,label
3282,aria-command-name
3282,aria-command-name
3282,aria-command-name
3282,label
3282,aria-command-name
3282,aria-command-name
3282,button-name
3282,aria-command-name
3282,button-name
3282,aria-required-parent
3282,button-name
3282,listitem
3282,aria-command-name
3282,button-name
3282,aria-command-name
3283,aria-command-name
3283,button-name
3283,label
3283,aria-command-name
3283,aria-command-name
3283,aria-command-name
3283,label
3283,aria-command-name
3283,aria-command-name
3283,button-name
3283,aria-command-name
3283,button-name
3283,aria-required-parent
3283,button-name
3283,listitem
3283,aria-command-name
3283,button-name
3283,aria-command-name
3284,aria-command-name
3284,button-name
3284,label
3284,aria-command-name
3284,aria-command-name
3284,aria-command-name
3284,label
3284,aria-command-name
3284,aria-command-name
3284,button-name
3284,aria-command-name
3284,button-name
3284,aria-required-parent
3284,button-name
3284,listitem
3284,aria-command-name
3284,button-name
3284,aria-command-name
3285,aria-command-name
3285,button-name
3285,label
3285,aria-command-name
3285,aria-command-name
3285,aria-command-name
3285,label
3285,aria-command-name
3285,aria-command-name
3285,button-name
3285,aria-command-name
3285,button-name
3285,aria-required-parent
3285,button-name
3285,listitem
3285,aria-command-name
3285,button-name
3285,aria-command-name
3286,aria-command-name
3286,button-name
3286,label
3286,aria-command-name
3286,aria-command-name
3286,aria-command-name
3286,label
3286,aria-command-name
3286,aria-command-name
3286,button-name
3286,aria-command-name
3286,button-name
3286,aria-required-parent
3286,button-name
3286,listitem
3286,aria-command-name
3286,button-name
3286,aria-command-name
3287,aria-command-name
3287,button-name
3287,label
3287,aria-command-name
3287,aria-command-name
3287,aria-command-name
3287,label
3287,aria-command-name
3287,aria-command-name
3287,button-name
3287,aria-command-name
3287,button-name
3287,aria-required-parent
3287,button-name
3287,listitem
3287,aria-command-name
3287,button-name
3287,aria-command-name
3288,aria-command-name
3288,button-name
3288,label
3288,aria-command-name
3288,aria-command-name
3288,aria-command-name
3288,label
3288,aria-command-name
3288,aria-command-name
3288,button-name
3288,aria-command-name
3288,button-name
3288,aria-required-parent
3288,button-name
3288,listitem
3288,aria-command-name
3288,button-name
3288,aria-command-name
3319,aria-command-name
3320,aria-command-name
3321,aria-command-name
3322,aria-command-name
3323,aria-command-name
3323,aria-command-name
3324,aria-command-name
3324,aria-command-name
3445,document-title
3446,document-title
3447,document-title
3448,document-title
3449,document-title
3450,document-title
3451,document-title
3452,document-title
3453,document-title
3454,document-title
3455,document-title
3456,document-title
3457,document-title
3458,document-title
3459,document-title
3460,document-title
3461,document-title
3462,document-title
3463,document-title
3464,document-title
3465,document-title
3466,document-title
3467,button-name
3467,button-name
3467,label
3468,button-name
3468,button-name
3468,label
3469,button-name
3469,button-name
3469,label
3470,button-name
3470,button-name
3470,label
3471,label
3471,button-name
3471,button-name
3472,select-name
3472,document-title
3472,label
3472,button-name
3472,button-name
3473,select-name
3473,document-title
3473,label
3473,button-name
3473,button-name
3474,select-name
3474,document-title
3474,label
3474,button-name
3474,button-name
3475,button-name
3475,select-name
3475,document-title
3475,label
3475,button-name
3475,button-name
3476,button-name
3476,select-name
3476,document-title
3476,label
3476,button-name
3476,button-name
3477,button-name
3477,select-name
3477,document-title
3477,label
3477,button-name
3477,button-name
3478,button-name
3478,select-name
3478,document-title
3478,label
3478,button-name
3478,button-name
3479,button-name
3479,listitem
3479,button-name
3480,button-name
3480,listitem
3480,button-name
3481,button-name
3481,listitem
3481,button-name
3482,button-name
3482,listitem
3482,button-name
3482,button-name
3482,list
3483,button-name
3483,listitem
3483,button-name
3483,button-name
3483,list
3484,button-name
3484,listitem
3484,button-name
3484,button-name
3484,list
3485,button-name
3485,listitem
3485,button-name
3485,button-name
3485,list
3486,button-name
3486,listitem
3486,button-name
3486,button-name
3486,list
3487,button-name
3487,listitem
3487,button-name
3487,button-name
3487,list
3488,button-name
3488,listitem
3488,button-name
3488,button-name
3488,list
3489,button-name
3489,listitem
3489,button-name
3489,button-name
3489,list
3490,button-name
3490,listitem
3490,button-name
3490,button-name
3490,list
3491,button-name
3491,listitem
3491,button-name
3491,button-name
3491,list
3492,button-name
3492,listitem
3492,button-name
3492,button-name
3492,list
3493,button-name
3493,listitem
3493,button-name
3493,button-name
3493,list
3494,button-name
3494,listitem
3494,button-name
3494,button-name
3494,list
3495,button-name
3495,listitem
3495,button-name
3495,button-name
3495,list
3496,button-name
3496,listitem
3496,button-name
3496,button-name
3496,list
3497,button-name
3497,listitem
3497,button-name
3497,button-name
3497,list
3498,button-name
3498,listitem
3498,button-name
3498,button-name
3498,list
3499,button-name
3499,button-name
3499,list
3499,listitem
3499,button-name
3500,button-name
3500,button-name
3500,button-name
3500,list
3500,listitem
3501,label
3501,listitem
3501,button-name
3502,label
3502,button-name
3502,listitem
3504,link-name
3504,button-name
3504,button-name
3504,link-name
3504,link-name
3504,button-name
3504,link-name
3504,image-alt
3505,link-name
3505,button-name
3505,button-name
3505,link-name
3505,link-name
3505,button-name
3505,link-name
3505,image-alt
3506,link-name
3506,button-name
3506,button-name
3506,link-name
3506,link-name
3506,button-name
3506,link-name
3506,image-alt
3507,link-name
3507,button-name
3507,button-name
3507,link-name
3507,link-name
3507,button-name
3507,link-name
3507,image-alt
3508,link-name
3508,button-name
3508,button-name
3508,link-name
3508,link-name
3508,button-name
3508,link-name
3508,image-alt
3509,link-name
3509,button-name
3509,button-name
3509,button-name
3509,link-name
3509,link-name
3509,link-name
3509,image-alt
3510,link-name
3510,button-name
3510,button-name
3510,link-name
3510,link-name
3510,link-name
3510,image-alt
3510,button-name
3511,image-alt
3511,link-name
3511,button-name
3511,link-name
3511,select-name
3511,link-name
3511,link-name
3512,image-alt
3512,link-name
3512,button-name
3512,link-name
3512,select-name
3512,link-name
3512,link-name
3513,image-alt
3513,link-name
3513,button-name
3513,link-name
3513,select-name
3513,link-name
3513,link-name
3514,image-alt
3514,link-name
3514,button-name
3514,link-name
3514,select-name
3514,link-name
3514,link-name
3515,image-alt
3515,link-name
3515,button-name
3515,link-name
3515,select-name
3515,link-name
3515,link-name
3516,image-alt
3516,link-name
3516,link-name
3516,button-name
3516,link-name
3516,link-name
3516,link-name
3517,image-alt
3517,link-name
3517,link-name
3517,button-name
3517,link-name
3517,link-name
3517,link-name
3518,image-alt
3518,link-name
3518,link-name
3518,button-name
3518,link-name
3518,link-name
3518,link-name
3519,image-alt
3519,link-name
3519,link-name
3519,button-name
3519,link-name
3519,link-name
3519,link-name
3520,image-alt
3520,link-name
3520,link-name
3520,button-name
3520,link-name
3520,link-name
3520,link-name
3521,image-alt
3521,link-name
3521,link-name
3521,button-name
3521,link-name
3521,link-name
3521,link-name
3522,image-alt
3522,link-name
3522,link-name
3522,button-name
3522,link-name
3522,link-name
3522,link-name
3523,image-alt
3523,link-name
3523,link-name
3523,button-name
3523,link-name
3523,link-name
3523,link-name
3524,link-name
3524,link-name
3524,link-name
3524,link-name
3524,image-alt
3524,button-name
3525,button-name
3526,button-name
3527,button-name
3528,button-name
3529,button-name
3530,button-name
3531,button-name
3532,button-name
3533,button-name
3534,button-name
3535,button-name
3536,button-name
3537,button-name
3538,button-name
3561,listitem
3561,listitem
3562,listitem
3562,listitem
3563,listitem
3563,listitem
3564,listitem
3564,listitem
3565,listitem
3565,listitem
3566,listitem
3566,listitem
3567,listitem
3567,listitem
3568,listitem
3568,listitem
3569,listitem
3569,listitem
3570,listitem
3570,listitem
3571,listitem
3571,listitem
3572,listitem
3572,listitem
3573,listitem
3573,listitem
3574,listitem
3574,listitem
3575,listitem
3575,listitem
3576,link-name
3577,link-name
3578,link-name
3585,link-name
3586,link-name
3587,link-name
3588,link-name
3589,link-name
3590,link-name
3590,document-title
3591,link-name
3591,document-title
3592,link-name
3592,document-title
3593,link-name
3593,document-title
3594,label
3594,link-name
3595,link-name
3595,link-name
3596,link-name
3596,link-name
3597,link-name
3597,link-name
3598,link-name
3598,link-name
3599,link-name
3599,link-name
3600,link-name
3601,link-name
3604,document-title
3605,document-title
3606,document-title
3613,button-name
3614,button-name
3615,button-name
3616,button-name
3645,aria-allowed-attr
3646,aria-allowed-attr
3647,aria-allowed-attr
3648,aria-allowed-attr
3649,aria-allowed-attr
3650,aria-allowed-attr
3651,aria-allowed-attr
3670,image-alt
3670,button-name
3671,image-alt
3672,document-title
3672,image-alt
3673,document-title
3673,image-alt
3674,document-title
3674,button-name
3674,image-alt
3675,document-title
3675,button-name
3675,image-alt
3676,document-title
3676,button-name
3678,listitem
3679,listitem
3680,listitem
3681,listitem
3682,document-title
3682,listitem
3683,listitem
3683,document-title
3684,listitem
3684,document-title
3684,label
3685,label
3685,document-title
3686,listitem
3686,document-title
3687,document-title
3687,listitem
3688,document-title
3688,listitem
3689,document-title
3689,listitem
3689,document-title
3689,button-name
3690,button-name
3690,button-name
3690,document-title
3690,listitem
3690,document-title
3690,button-name
3690,document-title
3691,button-name
3691,button-name
3691,listitem
3691,document-title
3691,document-title
3691,document-title
3692,button-name
3692,document-title
3692,document-title
3692,button-name
3692,listitem
3693,document-title
3693,button-name
3694,button-name
3694,document-title
3701,document-title
3702,document-title
3703,document-title
3704,document-title
3705,document-title
3706,document-title
3707,document-title
3707,document-title
3708,document-title
3708,document-title
3708,document-title
3709,document-title
3709,document-title
3709,document-title
3710,document-title
3710,document-title
3710,document-title
3711,document-title
3711,document-title
3711,document-title
3712,document-title
3712,document-title
3713,document-title
3713,document-title
3714,document-title
3714,document-title
3715,document-title
3716,document-title
3717,document-title
3718,document-title
3719,document-title
3720,document-title
3720,document-title
3720,button-name
3721,document-title
3721,document-title
3721,button-name
3722,document-title
3722,document-title
3722,button-name
3723,button-name
3723,document-title
3723,document-title
3724,button-name
3724,document-title
3724,document-title
3724,image-alt
3725,button-name
3725,document-title
3725,document-title
3726,button-name
3726,document-title
3726,document-title
3727,button-name
3727,document-title
3727,document-title
3728,button-name
3728,document-title
3728,document-title
3729,button-name
3729,document-title
3729,document-title
3730,button-name
3730,document-title
3730,document-title
3731,button-name
3731,document-title
3731,document-title
3736,button-name
3737,button-name
3738,button-name
3739,button-name
3740,button-name
3741,button-name
3742,button-name
3743,button-name
3744,button-name
3745,button-name
3746,button-name
3747,button-name
3748,button-name
3749,button-name
3750,button-name
3751,button-name
3752,document-title
3752,button-name
3753,button-name
3754,button-name
3755,button-name
3756,button-name
3757,button-name
3758,button-name
3759,button-name
3760,select-name
3761,select-name
3762,select-name
3763,select-name
3764,select-name
3765,button-name
3765,select-name
3765,button-name
3765,button-name
3765,button-name
3765,button-name
3766,button-name
3766,select-name
3766,button-name
3766,button-name
3766,button-name
3766,button-name
3767,button-name
3767,button-name
3767,button-name
3767,button-name
3767,select-name
3767,button-name
3768,button-name
3768,button-name
3768,button-name
3768,button-name
3768,button-name
3768,select-name
3769,button-name
3769,button-name
3769,button-name
3769,button-name
3769,button-name
3769,select-name
3770,select-name
3770,button-name
3770,button-name
3770,button-name
3770,button-name
3770,button-name
3771,button-name
3771,button-name
3771,image-alt
3771,button-name
3771,button-name
3771,select-name
3771,button-name
3775,link-name
3776,link-name
3777,link-name
3778,link-name
3779,link-name
3780,link-name
3781,link-name
3782,link-name
3783,link-name
3784,link-name
3785,link-name
3786,link-name
3787,link-name
3788,link-name
3789,link-name
3790,link-name
3791,button-name
3791,button-name
3791,button-name
3791,link-name
3792,button-name
3792,button-name
3792,button-name
3792,link-name
3793,button-name
3793,button-name
3793,button-name
3793,link-name
3794,button-name
3794,button-name
3794,link-name
3794,button-name
3795,button-name
3795,link-name
3795,button-name
3795,button-name
3796,button-name
3796,link-name
3796,button-name
3796,button-name
3797,link-name
3797,button-name
3797,button-name
3797,button-name
3798,link-name
3798,button-name
3798,button-name
3798,button-name
3799,button-name
3799,button-name
3799,button-name
3799,link-name
3800,button-name
3800,button-name
3800,button-name
3800,link-name
3801,button-name
3801,button-name
3801,button-name
3801,link-name
3802,button-name
3802,button-name
3802,link-name
3802,button-name
3803,button-name
3803,button-name
3803,button-name
3803,link-name
3804,button-name
3804,button-name
3804,button-name
3804,link-name
3805,button-name
3805,button-name
3805,button-name
3805,link-name
3806,button-name
3806,button-name
3806,button-name
3806,link-name
3807,button-name
3807,button-name
3807,link-name
3807,button-name
3808,button-name
3808,button-name
3808,link-name
3808,button-name
3809,aria-required-parent
3809,listitem
3810,aria-required-parent
3810,listitem
3811,listitem
3811,aria-required-parent
3812,label
3812,listitem
3813,label
3813,listitem
3814,listitem
3814,label
3815,label
3815,listitem
3816,label
3816,listitem
3817,listitem
3817,label
3818,listitem
3818,label
3819,listitem
3819,label
3820,label
3820,listitem
3916,button-name
3917,button-name
3918,button-name
3919,button-name
3920,button-name
3921,button-name
3922,button-name
3923,button-name
3924,button-name
3925,button-name
3926,button-name
3927,button-name
3928,button-name
3928,button-name
3929,button-name
3929,button-name
3930,button-name
3930,button-name
3931,button-name
3931,button-name
3932,button-name
3932,button-name
3933,button-name
3933,button-name
3934,button-name
3934,button-name
3935,button-name
3936,label
3936,label
3936,list
3936,label
3936,button-name
3937,label
3937,label
3937,label
3937,list
3937,label
3937,button-name
3938,label
3938,label
3938,label
3938,list
3938,label
3938,button-name
3939,label
3939,label
3939,label
3939,list
3939,label
3939,button-name
3940,label
3940,label
3940,label
3940,list
3940,label
3940,button-name
3941,label
3941,label
3941,label
3941,list
3941,label
3941,button-name
3942,label
3942,label
3942,label
3942,list
3942,label
3942,button-name
3943,label
3943,label
3943,label
3943,list
3943,label
3943,button-name
3944,label
3944,label
3944,label
3944,list
3944,label
3944,button-name
3945,label
3945,label
3945,label
3945,list
3945,label
3945,button-name
3946,label
3946,label
3946,label
3946,list
3946,label
3946,button-name
3947,label
3947,label
3947,label
3947,list
3947,label
3947,button-name
3948,label
3948,label
3948,label
3948,list
3948,label
3948,button-name
3949,label
3949,label
3949,label
3949,list
3949,label
3949,button-name
3950,label
3950,label
3950,label
3950,list
3950,label
3950,button-name
3951,label
3951,label
3951,label
3951,list
3951,label
3951,button-name
3952,label
3952,label
3952,label
3952,list
3952,label
3952,button-name
3953,label
3953,label
3953,label
3953,list
3953,label
3953,button-name
3954,label
3954,label
3954,label
3954,list
3954,label
3954,button-name
3955,label
3955,label
3955,label
3955,list
3955,label
3955,button-name
3956,label
3956,label
3956,label
3956,list
3956,label
3956,button-name
3957,label
3957,label
3957,label
3957,list
3957,label
3957,button-name
3958,label
3958,label
3958,label
3958,list
3958,label
3958,button-name
3959,list
3959,label
3959,label
3959,button-name
3959,label
3959,label
3959,label
3959,button-name
3959,label
3960,label
3960,button-name
3960,label
3960,label
3960,button-name
3960,list
3960,label
3960,label
3960,label
3961,label
3961,button-name
3961,label
3961,label
3961,button-name
3961,list
3961,label
3961,label
3961,label
3962,label
3962,label
3962,button-name
3962,label
3962,button-name
3962,list
3962,label
3962,label
3962,label
3963,label
3963,label
3963,button-name
3963,label
3963,button-name
3963,list
3963,label
3963,label
3963,label
3964,label
3964,label
3964,label
3964,label
3964,button-name
3964,button-name
3964,label
3964,label
3965,label
3965,label
3965,label
3965,label
3965,button-name
3965,label
3965,button-name
3965,label
3966,label
3966,label
3966,label
3966,label
3966,button-name
3966,label
3966,button-name
3966,label
3967,label
3967,button-name
3967,label
3967,label
3967,label
3967,label
3967,button-name
3967,label
3968,label
3968,button-name
3968,label
3968,label
3968,label
3968,label
3968,button-name
3968,label
3969,label
3969,button-name
3969,label
3969,label
3969,label
3969,label
3969,button-name
3969,label
3970,label
3970,button-name
3970,label
3970,label
3970,label
3970,label
3970,button-name
3970,label
3971,label
3971,button-name
3971,label
3971,label
3971,label
3971,label
3971,button-name
3971,label
3995,aria-command-name
3996,aria-command-name
3997,aria-command-name
3998,aria-command-name
3999,aria-command-name
4000,aria-command-name
4001,aria-command-name
4002,aria-command-name
4003,aria-command-name
4004,aria-command-name
4005,aria-command-name
4006,aria-command-name
4007,aria-command-name
4008,image-alt
4009,image-alt
4010,image-alt
4011,image-alt
4012,image-alt
4022,link-name
4022,image-alt
4022,link-name
4022,image-alt
4022,link-name
4023,link-name
4023,image-alt
4023,link-name
4023,image-alt
4023,link-name
4024,link-name
4024,image-alt
4024,link-name
4024,image-alt
4024,link-name
4025,link-name
4025,image-alt
4025,link-name
4025,image-alt
4025,link-name
4026,link-name
4026,image-alt
4026,link-name
4026,image-alt
4026,link-name
4027,link-name
4027,image-alt
4027,link-name
4027,image-alt
4027,link-name
4028,link-name
4028,image-alt
4028,link-name
4028,image-alt
4028,link-name
4029,image-alt
4029,link-name
4037,document-title
4038,document-title
4039,document-title
4040,document-title
4041,document-title
4042,document-title
4043,document-title
4044,document-title
4045,document-title
4046,document-title
4047,document-title
4048,document-title
4049,document-title
4050,document-title
4051,document-title
4052,document-title
4052,label
4053,document-title
4053,label
4054,document-title
4054,label
4055,document-title
4055,label
4056,document-title
4056,label
4056,label
4057,label
4057,document-title
4057,label
4058,label
4058,document-title
4058,label
4059,label
4059,document-title
4059,label
4060,label
4060,label
4060,document-title
4061,label
4061,label
4061,document-title
4062,label
4062,label
4062,document-title
4063,document-title
4063,label
4063,label
4063,document-title
4064,document-title
4064,label
4064,label
4064,document-title
4065,label
4065,label
4065,document-title
4065,document-title
4066,document-title
4066,label
4066,label
4066,document-title
4121,button-name
4122,button-name
4123,button-name
4124,button-name
4125,button-name
4126,button-name
4127,button-name
4128,button-name
4129,button-name
4130,button-name
4131,button-name
4132,button-name
4133,button-name
4134,select-name
4134,link-name
4134,button-name
4134,image-alt
4134,link-name
4134,label
4134,link-name
4134,select-name
4134,select-name
4135,select-name
4135,link-name
4135,button-name
4135,image-alt
4135,link-name
4135,label
4135,link-name
4135,select-name
4135,select-name
4136,select-name
4136,link-name
4136,button-name
4136,image-alt
4136,link-name
4136,label
4136,link-name
4136,select-name
4136,select-name
4137,select-name
4137,link-name
4137,button-name
4137,image-alt
4137,label
4137,link-name
4137,select-name
4137,select-name
4137,link-name
4138,select-name
4138,link-name
4138,button-name
4138,image-alt
4138,label
4138,link-name
4138,select-name
4138,select-name
4138,link-name
4139,select-name
4139,link-name
4139,button-name
4139,image-alt
4139,label
4139,link-name
4139,select-name
4139,select-name
4139,link-name
4140,select-name
4140,button-name
4140,image-alt
4140,label
4140,link-name
4140,link-name
4140,link-name
4140,select-name
4140,select-name
4141,select-name
4141,button-name
4141,image-alt
4141,label
4141,link-name
4141,link-name
4141,link-name
4141,select-name
4141,select-name
4142,select-name
4142,button-name
4142,image-alt
4142,label
4142,link-name
4142,link-name
4142,link-name
4142,select-name
4142,select-name
4143,select-name
4143,button-name
4143,image-alt
4143,label
4143,link-name
4143,link-name
4143,link-name
4143,select-name
4143,select-name
4144,select-name
4144,button-name
4144,image-alt
4144,label
4144,link-name
4144,link-name
4144,link-name
4144,select-name
4144,select-name
4145,select-name
4145,button-name
4145,image-alt
4145,label
4145,link-name
4145,link-name
4145,link-name
4145,select-name
4145,select-name
4146,select-name
4146,button-name
4146,image-alt
4146,label
4146,link-name
4146,link-name
4146,link-name
4146,select-name
4146,select-name
4147,select-name
4147,button-name
4147,image-alt
4147,label
4147,link-name
4147,link-name
4147,link-name
4147,select-name
4147,select-name
4148,link-name
4148,link-name
4148,select-name
4148,label
4148,link-name
4148,select-name
4148,button-name
4148,image-alt
4148,select-name
4149,link-name
4149,link-name
4149,select-name
4149,label
4149,link-name
4149,select-name
4149,button-name
4149,image-alt
4149,select-name
4150,link-name
4150,link-name
4150,select-name
4150,label
4150,link-name
4150,select-name
4150,button-name
4150,image-alt
4150,select-name
4151,link-name
4151,link-name
4151,select-name
4151,label
4151,link-name
4151,select-name
4151,button-name
4151,image-alt
4151,select-name
4152,select-name
4152,select-name
4152,link-name
4152,button-name
4152,image-alt
4152,select-name
4152,label
4152,link-name
4152,link-name
4153,select-name
4153,select-name
4153,link-name
4153,button-name
4153,image-alt
4153,select-name
4153,label
4153,link-name
4153,link-name
4154,select-name
4154,select-name
4154,link-name
4154,button-name
4154,image-alt
4154,select-name
4154,label
4154,link-name
4154,link-name
4155,select-name
4155,select-name
4155,link-name
4155,button-name
4155,image-alt
4155,select-name
4155,label
4155,link-name
4155,link-name
4156,button-name
4156,button-name
4156,image-alt
4156,select-name
4156,select-name
4156,link-name
4156,select-name
4156,label
4156,link-name
4156,link-name
4156,button-name
4157,button-name
4157,button-name
4157,image-alt
4157,select-name
4157,select-name
4157,link-name
4157,select-name
4157,label
4157,link-name
4157,link-name
4157,button-name
4158,button-name
4158,button-name
4158,image-alt
4158,select-name
4158,select-name
4158,link-name
4158,select-name
4158,label
4158,link-name
4158,link-name
4158,button-name
4159,button-name
4159,button-name
4159,image-alt
4159,select-name
4159,select-name
4159,link-name
4159,select-name
4159,label
4159,link-name
4159,link-name
4159,button-name
4160,button-name
4160,button-name
4160,image-alt
4160,select-name
4160,select-name
4160,link-name
4160,select-name
4160,label
4160,link-name
4160,link-name
4160,button-name
4161,button-name
4161,button-name
4161,image-alt
4161,select-name
4161,select-name
4161,link-name
4161,select-name
4161,label
4161,link-name
4161,link-name
4161,button-name
4162,button-name
4162,button-name
4162,image-alt
4162,select-name
4162,select-name
4162,link-name
4162,select-name
4162,label
4162,link-name
4162,link-name
4162,button-name
4163,button-name
4163,button-name
4163,image-alt
4163,select-name
4163,select-name
4163,link-name
4163,select-name
4163,label
4163,link-name
4163,link-name
4163,button-name
4164,button-name
4164,button-name
4164,image-alt
4164,select-name
4164,select-name
4164,link-name
4164,select-name
4164,label
4164,link-name
4164,link-name
4164,button-name
4165,button-name
4165,button-name
4165,image-alt
4165,select-name
4165,select-name
4165,link-name
4165,select-name
4165,label
4165,link-name
4165,link-name
4165,button-name
4166,button-name
4166,button-name
4166,image-alt
4166,select-name
4166,select-name
4166,link-name
4166,select-name
4166,label
4166,link-name
4166,link-name
4166,button-name
4167,button-name
4167,select-name
4167,select-name
4167,button-name
4167,link-name
4167,select-name
4167,link-name
4167,button-name
4167,label
4167,link-name
4167,button-name
4168,button-name
4168,select-name
4168,select-name
4168,button-name
4168,link-name
4168,select-name
4168,link-name
4168,button-name
4168,button-name
4168,label
4168,link-name
4168,button-name
4169,button-name
4169,label
4169,link-name
4169,select-name
4169,button-name
4169,link-name
4169,select-name
4169,button-name
4169,select-name
4169,button-name
4169,button-name
4169,link-name
4208,image-alt
4209,image-alt
4210,image-alt
4211,image-alt
4211,image-alt
4212,image-alt
4212,image-alt
4213,image-alt
4213,image-alt
4214,image-alt
4214,image-alt
4242,link-name
4242,link-name
4242,link-name
4242,link-name
4242,link-name
4242,label
4242,link-name
4242,label
4242,link-name
4243,link-name
4243,link-name
4243,label
4243,link-name
4243,link-name
4243,link-name
4243,link-name
4243,link-name
4243,label
4244,label
4244,link-name
4244,label
4244,link-name
4244,link-name
4244,link-name
4244,link-name
4244,link-name
4244,link-name
4244,link-name
4244,label
4245,label
4245,link-name
4245,label
4245,link-name
4245,link-name
4245,link-name
4245,link-name
4245,link-name
4245,link-name
4245,link-name
4245,label
4246,label
4246,link-name
4246,label
4246,link-name
4246,link-name
4246,link-name
4246,link-name
4246,link-name
4246,link-name
4246,link-name
4246,label
4247,label
4247,link-name
4247,label
4247,link-name
4247,link-name
4247,link-name
4247,link-name
4247,link-name
4247,link-name
4247,link-name
4247,label
4248,label
4248,link-name
4248,label
4248,link-name
4248,link-name
4248,link-name
4248,link-name
4248,link-name
4248,link-name
4248,link-name
4248,label
4249,label
4249,link-name
4249,label
4249,link-name
4249,link-name
4249,link-name
4249,link-name
4249,link-name
4249,link-name
4249,link-name
4249,label
4250,label
4250,link-name
4250,label
4250,link-name
4250,link-name
4250,link-name
4250,link-name
4250,link-name
4250,link-name
4250,link-name
4250,label
4251,label
4251,link-name
4251,label
4251,link-name
4251,link-name
4251,link-name
4251,link-name
4251,link-name
4251,link-name
4251,link-name
4251,label
4252,image-alt
4253,image-alt
4254,image-alt
4255,image-alt
4256,image-alt
4257,image-alt
4258,image-alt
4259,image-alt
4260,image-alt
4261,image-alt
4262,image-alt
4263,image-alt
4265,label
4266,label
4267,label
4268,label
4269,label
4270,label
4273,image-alt
4274,image-alt
4275,image-alt
4276,image-alt
4277,image-alt
4278,image-alt
4279,image-alt
4280,image-alt
4281,image-alt
4282,image-alt
4283,image-alt
4284,image-alt
4285,image-alt
4286,image-alt
4287,image-alt
4288,link-name
4288,link-name
4289,link-name
4289,link-name
4290,link-name
4290,link-name
4291,link-name
4291,link-name
4292,link-name
4292,link-name
4293,link-name
4293,link-name
4294,link-name
4294,link-name
4295,link-name
4295,link-name
4296,link-name
4296,link-name
4297,link-name
4297,link-name
4298,link-name
4298,link-name
4299,link-name
4299,link-name
4300,link-name
4300,link-name
4301,link-name
4301,link-name
4302,link-name
4302,link-name
4303,link-name
4303,link-name
4304,link-name
4304,link-name
4305,link-name
4305,link-name
4306,link-name
4306,link-name
4307,link-name
4307,link-name
4308,link-name
4308,link-name
4309,link-name
4309,link-name
4310,link-name
4310,link-name
4311,link-name
4311,link-name
4312,link-name
4312,link-name
4313,link-name
4313,link-name
4314,link-name
4314,link-name
4315,link-name
4315,link-name
4316,link-name
4316,link-name
4317,link-name
4317,link-name
4318,link-name
4318,link-name
4319,link-name
4319,link-name
4320,link-name
4320,link-name
4321,link-name
4321,link-name
4322,link-name
4322,link-name
4323,link-name
4323,link-name
4373,aria-allowed-attr
4374,aria-allowed-attr
4375,aria-allowed-attr
4376,aria-allowed-attr
4424,document-title
4424,html-has-lang
4424,frame-title
4425,document-title
4425,html-has-lang
4425,frame-title
4426,document-title
4426,html-has-lang
4426,frame-title
4427,document-title
4427,html-has-lang
4427,frame-title
4427,document-title
4427,html-has-lang
4428,document-title
4428,html-has-lang
4428,frame-title
4428,document-title
4428,html-has-lang
4429,document-title
4429,html-has-lang
4429,frame-title
4429,document-title
4429,html-has-lang
4430,document-title
4430,html-has-lang
4430,frame-title
4430,document-title
4430,html-has-lang
4431,document-title
4431,html-has-lang
4431,frame-title
4431,document-title
4431,html-has-lang
4432,document-title
4432,html-has-lang
4432,frame-title
4437,list
4437,listitem
4437,image-alt
4438,image-alt
4438,list
4438,listitem
4439,image-alt
4439,list
4439,listitem
4440,image-alt
4440,list
4440,listitem
4441,list
4441,listitem
4441,image-alt
4442,image-alt
4442,list
4442,listitem
4443,image-alt
4443,list
4443,listitem
4444,image-alt
4444,list
4444,listitem
4445,image-alt
4445,list
4445,listitem
4446,image-alt
4446,list
4446,listitem
4447,image-alt
4447,list
4447,listitem
4448,list
4448,listitem
4448,image-alt
4449,list
4449,listitem
4449,image-alt
4450,list
4450,listitem
4450,image-alt
4451,list
4451,listitem
4451,image-alt
4452,list
4452,listitem
4452,image-alt
4453,list
4453,listitem
4453,image-alt
4454,list
4454,listitem
4454,image-alt
4455,list
4455,listitem
4455,image-alt
4456,list
4456,listitem
4456,image-alt
4457,list
4457,listitem
4457,image-alt
4458,list
4458,listitem
4458,image-alt
4459,list
4459,listitem
4459,image-alt
4528,link-name
4529,link-name
4547,listitem
4548,listitem
4549,listitem
4550,listitem
4551,listitem
4552,listitem
4553,listitem
4554,listitem
4555,listitem
4556,listitem
4557,listitem
4558,listitem
4559,document-title
4560,button-name
4560,document-title
4560,select-name
4560,button-name
4561,button-name
4561,document-title
4561,select-name
4561,button-name
4562,button-name
4562,document-title
4562,select-name
4562,button-name
4563,button-name
4563,document-title
4563,select-name
4563,button-name
4564,button-name
4564,select-name
4564,button-name
4564,document-title
4565,link-name
4566,link-name
4567,link-name
4568,link-name
4569,button-name
4570,button-name
4571,button-name
4572,button-name
4573,button-name
4574,button-name
4575,button-name
4575,document-title
4576,button-name
4576,document-title
4577,button-name
4577,document-title
4578,button-name
4578,document-title
4579,button-name
4579,document-title
4580,button-name
4580,document-title
4581,button-name
4581,document-title
4582,button-name
4582,document-title
4583,button-name
4583,document-title
4584,button-name
4584,document-title
4585,button-name
4585,document-title
4586,button-name
4586,document-title
4587,button-name
4587,document-title
4588,button-name
4588,document-title
4589,button-name
4589,document-title
4590,button-name
4590,document-title
4591,button-name
4591,document-title
4592,button-name
4592,document-title
4593,button-name
4593,document-title
4594,button-name
4594,document-title
4595,button-name
4595,document-title
4596,button-name
4596,document-title
4597,button-name
4597,document-title
4598,button-name
4598,document-title
4599,button-name
4599,document-title
4600,button-name
4600,document-title
4667,button-name
4667,button-name
4667,button-name
4668,button-name
4668,button-name
4668,button-name
4669,button-name
4669,button-name
4669,button-name
4670,button-name
4670,button-name
4670,button-name
4670,button-name
4670,button-name
4670,button-name
4670,button-name
4671,button-name
4671,button-name
4671,button-name
4671,button-name
4671,button-name
4671,button-name
4671,button-name
4672,button-name
4672,button-name
4672,button-name
4672,button-name
4672,button-name
4672,button-name
4672,button-name
4673,button-name
4673,button-name
4673,button-name
4673,button-name
4673,button-name
4673,button-name
4673,button-name
4674,button-name
4674,button-name
4674,button-name
4674,button-name
4674,button-name
4674,button-name
4674,button-name
4675,button-name
4675,button-name
4675,button-name
4675,button-name
4675,button-name
4675,button-name
4675,button-name
4675,button-name
4676,button-name
4676,button-name
4676,button-name
4676,button-name
4676,button-name
4676,button-name
4676,button-name
4676,button-name
4677,button-name
4677,button-name
4677,button-name
4677,button-name
4677,button-name
4677,button-name
4677,button-name
4677,button-name
4677,button-name
4677,button-name
4677,button-name
4677,button-name
4678,button-name
4678,button-name
4678,button-name
4678,button-name
4678,button-name
4678,button-name
4678,button-name
4678,button-name
4678,button-name
4678,button-name
4678,button-name
4678,button-name
4679,button-name
4679,button-name
4679,button-name
4679,button-name
4679,button-name
4679,button-name
4679,button-name
4679,button-name
4679,button-name
4679,button-name
4679,button-name
4679,button-name
4680,button-name
4680,button-name
4680,button-name
4680,button-name
4680,button-name
4680,button-name
4680,button-name
4680,button-name
4680,button-name
4680,button-name
4680,button-name
4680,button-name
4681,button-name
4681,button-name
4681,button-name
4681,button-name
4681,button-name
4681,button-name
4681,button-name
4681,button-name
4681,button-name
4681,button-name
4681,button-name
4681,button-name
4682,button-name
4682,button-name
4682,button-name
4682,button-name
4682,button-name
4682,button-name
4682,button-name
4682,button-name
4682,button-name
4682,button-name
4682,button-name
4682,button-name
4683,button-name
4683,button-name
4683,button-name
4683,button-name
4683,button-name
4683,button-name
4683,button-name
4683,button-name
4683,button-name
4683,button-name
4683,button-name
4683,button-name
4684,button-name
4684,button-name
4684,button-name
4684,button-name
4684,button-name
4684,button-name
4684,button-name
4684,button-name
4684,button-name
4684,button-name
4684,button-name
4684,button-name
4685,button-name
4685,button-name
4685,button-name
4685,button-name
4685,button-name
4685,button-name
4685,button-name
4685,button-name
4685,button-name
4685,button-name
4685,button-name
4685,button-name
4686,button-name
4686,button-name
4686,button-name
4686,button-name
4686,button-name
4686,button-name
4686,button-name
4686,button-name
4686,button-name
4686,button-name
4686,button-name
4686,button-name
4687,button-name
4687,button-name
4687,button-name
4687,button-name
4687,button-name
4687,button-name
4687,button-name
4687,button-name
4687,button-name
4687,button-name
4687,button-name
4687,button-name
4688,button-name
4688,button-name
4688,button-name
4688,button-name
4688,button-name
4688,button-name
4688,button-name
4688,button-name
4688,button-name
4688,button-name
4688,button-name
4688,button-name
4689,button-name
4689,button-name
4689,button-name
4689,button-name
4689,button-name
4689,button-name
4689,button-name
4689,button-name
4689,button-name
4689,button-name
4689,button-name
4689,button-name
4690,button-name
4690,button-name
4690,button-name
4690,button-name
4690,button-name
4690,button-name
4690,button-name
4690,button-name
4690,button-name
4690,button-name
4690,button-name
4690,button-name
4691,button-name
4691,button-name
4691,button-name
4691,button-name
4691,button-name
4691,button-name
4691,button-name
4691,button-name
4691,button-name
4691,button-name
4691,button-name
4691,button-name
4692,button-name
4692,button-name
4692,button-name
4692,button-name
4692,button-name
4692,button-name
4692,button-name
4692,button-name
4692,button-name
4692,button-name
4692,button-name
4692,button-name
4693,button-name
4693,button-name
4693,button-name
4693,button-name
4693,button-name
4693,button-name
4693,button-name
4693,button-name
4693,button-name
4693,button-name
4693,button-name
4693,button-name
4694,button-name
4694,button-name
4694,button-name
4694,button-name
4694,button-name
4694,button-name
4694,button-name
4694,button-name
4694,button-name
4694,button-name
4694,button-name
4694,button-name
4695,label
4695,button-name
4695,button-name
4695,label
4695,button-name
4695,button-name
4695,button-name
4695,button-name
4695,button-name
4695,button-name
4695,button-name
4695,button-name
4695,button-name
4695,button-name
4696,button-name
4696,button-name
4696,button-name
4696,label
4696,button-name
4696,button-name
4696,button-name
4696,label
4696,button-name
4696,button-name
4696,button-name
4696,button-name
4696,button-name
4696,button-name
4697,button-name
4697,button-name
4697,label
4697,button-name
4697,button-name
4697,label
4697,button-name
4697,button-name
4697,button-name
4697,button-name
4697,button-name
4697,button-name
4697,button-name
4697,button-name
4698,button-name
4698,button-name
4698,label
4698,button-name
4698,button-name
4698,label
4698,button-name
4698,button-name
4698,button-name
4698,button-name
4698,button-name
4698,button-name
4698,button-name
4698,button-name
4699,button-name
4699,label
4699,label
4699,button-name
4699,button-name
4699,button-name
4699,button-name
4699,button-name
4699,button-name
4699,button-name
4699,button-name
4699,document-title
4699,button-name
4699,button-name
4699,button-name
4700,button-name
4700,button-name
4700,label
4700,label
4700,button-name
4700,button-name
4700,label
4700,label
4700,button-name
4700,button-name
4700,button-name
4700,button-name
4700,button-name
4700,button-name
4701,button-name
4701,button-name
4701,label
4701,label
4701,button-name
4701,label
4701,button-name
4701,label
4701,button-name
4701,button-name
4701,button-name
4701,button-name
4701,button-name
4701,button-name
4702,button-name
4702,button-name
4702,label
4702,label
4702,button-name
4702,label
4702,button-name
4702,label
4702,button-name
4702,button-name
4702,button-name
4702,button-name
4702,button-name
4702,button-name
4703,frame-title
4703,label
4936,document-title
4937,document-title
4938,document-title
4939,document-title
4940,document-title
4941,document-title
4942,document-title
4943,document-title
4944,document-title
4945,document-title
4946,document-title
4947,document-title
4948,document-title
4949,document-title
4950,document-title
4951,button-name
4951,button-name
4951,label
4952,button-name
4952,label
4952,button-name
4953,button-name
4953,label
4953,button-name
4954,button-name
4954,document-title
4954,label
4954,button-name
4955,document-title
4955,button-name
4955,label
4955,button-name
4956,document-title
4956,button-name
4956,button-name
4956,label
4957,button-name
4957,document-title
4957,label
4957,button-name
4958,button-name
4958,document-title
4958,label
4958,button-name
4959,button-name
4959,document-title
4959,label
4959,button-name
4960,label
4960,document-title
4960,button-name
4960,button-name
4961,button-name
4961,select-name
4961,label
4961,document-title
4961,button-name
4961,label
4962,button-name
4962,select-name
4962,label
4962,document-title
4962,button-name
4962,label
4963,label
4963,label
4963,button-name
4963,select-name
4963,label
4963,label
4963,button-name
4963,button-name
4964,label
4964,label
4964,button-name
4964,label
4964,label
4964,button-name
4964,button-name
4965,label
4965,label
4965,button-name
4965,label
4965,label
4965,button-name
4965,button-name
4966,label
4966,label
4966,button-name
4966,label
4966,label
4966,button-name
4966,button-name
4967,label
4967,label
4967,button-name
4967,label
4968,label
4968,label
4968,button-name
4968,label
4969,label
4969,label
4969,button-name
4969,label
4970,label
4970,label
4970,button-name
4970,label
4971,label
4971,label
4971,button-name
4971,label
4972,label
4972,label
4972,button-name
4972,label
4973,label
4973,label
4973,button-name
4973,label
4974,label
4974,label
4974,button-name
4974,label
4975,label
4975,label
4975,button-name
4975,label
4976,label
4976,label
4976,button-name
4976,label
4977,label
4977,label
4977,button-name
4977,label
4978,label
4978,label
4978,button-name
4978,label
4979,label
4979,label
4979,button-name
4979,label
4980,label
4980,label
4980,button-name
4980,label
4981,label
4981,label
4981,button-name
4981,label
4982,label
4982,label
4982,button-name
4982,label
4983,label
4983,label
4983,button-name
4983,label
4984,label
4984,label
4984,button-name
4984,label
4985,label
4985,button-name
4985,label
4985,label
4986,label
4986,button-name
4986,label
4986,label
4993,document-title
4994,document-title
4994,image-alt
4995,image-alt
4995,document-title
4996,image-alt
4997,image-alt
4998,image-alt
4999,image-alt
5000,image-alt
5001,image-alt
5002,image-alt
5003,image-alt
5004,document-title
5004,image-alt
5005,document-title
5005,image-alt
5006,document-title
5007,document-title
5008,document-title
5009,document-title
5010,document-title
5011,document-title
5012,document-title
5013,document-title
5014,document-title
5015,document-title
5016,document-title
5017,document-title
5018,document-title
5019,document-title
5020,document-title
5021,document-title
5022,document-title
5024,link-name
5024,document-title
5025,listitem
5025,listitem
5025,image-alt
5025,label
5025,button-name
5025,listitem
5025,image-alt
5025,label
5026,image-alt
5026,label
5026,listitem
5026,listitem
5026,button-name
5026,image-alt
5026,label
5027,image-alt
5027,label
5027,listitem
5027,listitem
5027,button-name
5027,image-alt
5027,label
5028,listitem
5028,button-name
5028,listitem
5028,image-alt
5028,label
5028,image-alt
5028,label
5029,label
5029,listitem
5029,listitem
5029,button-name
5029,image-alt
5029,label
5029,image-alt
5029,label
5030,label
5030,listitem
5030,listitem
5030,button-name
5030,image-alt
5030,label
5030,image-alt
5030,label
5031,label
5031,listitem
5031,listitem
5031,button-name
5031,image-alt
5031,label
5031,image-alt
5031,label
5032,label
5032,listitem
5032,listitem
5032,button-name
5032,image-alt
5032,label
5032,image-alt
5032,label
5033,label
5033,listitem
5033,listitem
5033,button-name
5033,image-alt
5033,label
5033,image-alt
5033,label
5034,label
5034,listitem
5034,listitem
5034,button-name
5034,image-alt
5034,label
5034,image-alt
5034,label
5035,listitem
5035,listitem
5035,button-name
5035,image-alt
5035,label
5035,label
5035,image-alt
5035,label
5036,listitem
5036,listitem
5036,button-name
5036,image-alt
5036,label
5036,label
5036,image-alt
5036,label
5037,image-alt
5037,label
5037,listitem
5037,button-name
5037,listitem
5037,label
5037,image-alt
5037,label
5038,image-alt
5038,label
5038,listitem
5038,button-name
5038,listitem
5038,label
5038,image-alt
5038,label
5039,image-alt
5039,label
5039,listitem
5039,button-name
5039,label
5039,listitem
5039,image-alt
5039,label
5040,image-alt
5040,label
5040,listitem
5040,button-name
5040,label
5040,listitem
5040,image-alt
5040,label
5041,image-alt
5041,label
5041,button-name
5041,label
5041,image-alt
5041,label
5042,image-alt
5042,label
5042,button-name
5042,label
5042,image-alt
5042,label
5043,image-alt
5043,label
5043,label
5043,button-name
5043,image-alt
5043,label
5044,image-alt
5044,label
5044,label
5044,button-name
5044,image-alt
5044,label
5045,image-alt
5045,label
5045,label
5045,button-name
5045,image-alt
5045,label
5046,image-alt
5046,label
5046,label
5046,button-name
5046,image-alt
5046,label
5047,image-alt
5047,label
5047,label
5047,button-name
5047,image-alt
5047,label
5048,image-alt
5048,label
5048,label
5048,button-name
5048,image-alt
5048,label
5049,image-alt
5049,label
5049,label
5049,button-name
5049,image-alt
5049,label
5050,image-alt
5050,label
5050,label
5050,button-name
5050,image-alt
5050,label
5051,image-alt
5051,label
5051,label
5051,button-name
5051,image-alt
5051,label
5052,image-alt
5052,label
5052,label
5052,button-name
5052,image-alt
5052,label
5053,image-alt
5053,label
5053,label
5053,button-name
5053,image-alt
5053,label
5054,image-alt
5054,label
5054,label
5054,button-name
5054,image-alt
5054,label
5055,image-alt
5055,label
5055,label
5055,button-name
5055,image-alt
5055,label
5056,image-alt
5056,label
5056,label
5056,button-name
5056,image-alt
5056,label
5057,image-alt
5057,label
5057,label
5057,button-name
5057,image-alt
5057,label
5058,image-alt
5058,label
5058,label
5058,button-name
5058,image-alt
5058,label
5059,image-alt
5059,label
5059,label
5059,button-name
5059,image-alt
5059,label
5060,image-alt
5060,label
5060,label
5060,button-name
5060,image-alt
5060,label
5061,image-alt
5061,aria-command-name
5062,image-alt
5062,aria-command-name
5063,image-alt
5063,aria-command-name
5064,image-alt
5064,aria-command-name
5065,image-alt
5065,aria-command-name
5066,image-alt
5066,aria-command-name
5067,image-alt
5067,aria-command-name
5068,image-alt
5068,aria-command-name
5069,image-alt
5069,aria-command-name
5070,aria-command-name
5070,image-alt
5071,aria-command-name
5071,image-alt
5072,aria-command-name
5072,image-alt
5073,aria-command-name
5073,image-alt
5074,aria-command-name
5074,image-alt
5075,aria-command-name
5075,image-alt
5076,aria-command-name
5076,image-alt
5077,aria-command-name
5077,image-alt
5078,aria-command-name
5078,image-alt
5079,aria-command-name
5079,image-alt
5080,aria-command-name
5080,image-alt
5081,aria-command-name
5081,image-alt
5082,aria-command-name
5082,image-alt
5083,aria-command-name
5083,image-alt
5084,aria-command-name
5084,image-alt
5085,aria-command-name
5085,image-alt
5086,aria-command-name
5086,image-alt
5087,aria-command-name
5087,image-alt
5088,aria-command-name
5088,image-alt
5089,aria-command-name
5089,image-alt
5090,aria-command-name
5090,image-alt
5091,aria-command-name
5091,image-alt
5092,image-alt
5092,aria-command-name
5093,image-alt
5093,aria-command-name
5094,aria-command-name
5094,image-alt
5095,aria-command-name
5095,image-alt
5096,image-alt
5096,aria-command-name
5113,image-alt
5113,html-has-lang
5113,label
5113,label
5113,html-has-lang
5114,label
5114,image-alt
5114,html-has-lang
5114,html-has-lang
5114,label
5115,label
5115,html-has-lang
5115,image-alt
5115,label
5115,label
5115,label
5115,html-has-lang
5116,label
5116,html-has-lang
5116,image-alt
5116,label
5116,label
5116,label
5116,html-has-lang
5117,label
5117,html-has-lang
5117,image-alt
5117,label
5117,label
5117,label
5117,html-has-lang
5118,label
5118,image-alt
5118,label
5118,label
5118,label
5119,label
5119,image-alt
5119,label
5119,label
5119,label
5120,label
5120,image-alt
5120,label
5120,label
5120,label
5121,label
5121,image-alt
5121,label
5121,label
5121,label
5122,label
5122,image-alt
5122,label
5122,label
5122,label
5123,label
5123,image-alt
5123,label
5123,label
5123,label
5124,label
5124,image-alt
5124,label
5124,label
5124,label
5125,label
5125,image-alt
5125,label
5125,label
5125,label
5126,label
5126,image-alt
5126,label
5126,label
5126,label
5127,label
5127,image-alt
5127,label
5127,label
5127,label
5128,label
5128,image-alt
5128,label
5128,label
5128,label
5129,label
5129,image-alt
5129,label
5129,label
5129,label
5130,label
5130,image-alt
5130,label
5130,label
5130,label
5131,label
5131,label
5131,label
5131,image-alt
5131,label
5131,label
5131,label
5131,label
5132,image-alt
5132,label
5132,label
5132,label
5132,label
5132,label
5133,image-alt
5133,label
5133,label
5133,label
5133,label
5133,label
5134,image-alt
5134,label
5134,label
5134,label
5134,label
5134,label
5135,image-alt
5135,label
5135,label
5135,label
5135,label
5135,label
5136,image-alt
5136,label
5136,label
5136,label
5136,label
5136,label
5137,image-alt
5137,label
5137,label
5137,label
5137,label
5137,label
5138,image-alt
5138,label
5138,label
5138,label
5138,label
5138,label
5139,image-alt
5139,label
5139,label
5139,label
5139,label
5139,label
5140,label
5140,label
5140,label
5140,label
5140,image-alt
5140,label
5141,label
5141,label
5141,image-alt
5141,label
5141,label
5141,label
5142,label
5142,label
5142,label
5142,image-alt
5142,button-name
5142,label
5142,label
5143,label
5143,label
5143,label
5143,image-alt
5143,button-name
5143,label
5143,label
5144,label
5144,label
5144,label
5144,image-alt
5144,button-name
5144,label
5144,label
5145,label
5145,label
5145,label
5145,image-alt
5145,button-name
5145,label
5145,label
5146,label
5146,label
5146,label
5146,image-alt
5146,button-name
5146,label
5146,label
5147,label
5147,label
5147,label
5147,image-alt
5147,button-name
5147,label
5147,label
5148,label
5148,label
5148,label
5148,image-alt
5148,button-name
5148,label
5148,label
5199,aria-input-field-name
5199,label
5200,aria-input-field-name
5200,label
5201,aria-input-field-name
5201,label
5202,aria-input-field-name
5202,label
5203,aria-input-field-name
5203,label
5208,label
5209,label
5246,link-name
5246,link-name
5247,link-name
5247,link-name
5248,link-name
5248,link-name
5249,link-name
5249,link-name
5250,link-name
5250,link-name
5251,link-name
5251,link-name
5252,link-name
5252,link-name
5253,link-name
5253,link-name
5255,button-name
5255,image-alt
5255,button-name
5255,button-name
5255,label
5255,button-name
5255,button-name
5255,label
5255,button-name
5255,button-name
5255,label
5255,label
5255,button-name
5255,button-name
5256,button-name
5256,button-name
5256,label
5256,button-name
5256,label
